stamp_sec,elapsed_sec,map_x_m,map_y_m,yaw_rad,linear_x_mps,angular_z_rps,last_reached_wp,active_target_wp,target_local_east_m,target_local_north_m,target_map_x_m,target_map_y_m,latest_cmd_linear_x_mps,latest_cmd_angular_z_radps,noise_active,outage_active
1789005642.9888844,0.02106332778930664,0.0003219828162222272,6.301676625688544e-05,-2.948182909119099,3.355128446171098e-14,1.1625734381944647e-06,0,1,0.0,0.0,-37.00770172243938,-18.27815159992315,0.0,0.0,0,0
1789005643.0395403,0.07171916961669922,0.0003219828162215734,6.301676625675738e-05,-2.948182889400303,2.0225514997301148e-14,1.1545084070324401e-06,0,1,0.0,0.0,-37.00770172243938,-18.27815159992315,0.0,0.0,0,0
1789005643.090337,0.12251591682434082,0.00032198281622858267,6.301676625780267e-05,-2.948182904367753,3.337255737305051e-14,1.1488382921072815e-06,0,1,0.0,0.0,-37.00770172243938,-18.27815159992315,0.0,0.0,0,0
1789005643.140772,0.17295098304748535,0.0003219828162280402,6.301676625769641e-05,-2.948182801467756,1.9126844406316254e-14,1.1358431711674538e-06,0,1,0.0,0.0,-37.00770172243938,-18.27815159992315,0.0,0.0,0,0
1789005643.191377,0.2235558032989502,0.0003219828162351219,6.301676625875498e-05,-2.948182714430871,3.249461845065491e-14,1.1350847394414047e-06,0,1,0.0,0.0,-37.00770172243938,-18.27815159992315,0.0,0.0,0,0
1789005643.2419517,0.27413058280944824,0.00032198281623464705,6.301676625866197e-05,-2.948182825173626,1.8066569515368104e-14,1.11059897370395e-06,0,1,0.0,0.0,-37.00770172243938,-18.27815159992315,0.0,0.0,0,0
1789005643.292786,0.3249647617340088,0.0003219828162417576,6.301676625972534e-05,-2.9481830194519936,3.1796690064118706e-14,1.088532817104548e-06,0,1,0.0,0.0,-37.00770172243938,-18.27815159992315,0.0,0.0,0,0
1789005643.3432136,0.37539243698120117,0.0003219828162413632,6.30167662596481e-05,-2.9481831993744665,1.7070241814959703e-14,9.384546088793291e-07,0,1,0.0,0.0,-37.00770172243938,-18.27815159992315,0.0,0.0,0,0
1789005643.3808377,0.41301655769348145,0.0003219828162486488,6.301676626074493e-05,-2.948183167536224,1.1984347303381903e-14,8.79219872972365e-07,0,1,0.0,0.0,-37.00770172243938,-18.27815159992315,0.0,0.0,0,0
1789005643.393812,0.4259908199310303,0.0003219828162488101,6.301676626077652e-05,-2.948183362520453,1.3238626530358072e-14,8.011512334169827e-07,0,1,0.0,0.0,-37.00770172243938,-18.27815159992315,0.0,0.0,0,0
1789005643.4445074,0.4766862392425537,0.0003219828162480033,6.30167662606185e-05,-2.94818341263872,1.6156085415992213e-14,7.102619863301468e-07,0,1,0.0,0.0,-37.00770172243938,-18.27815159992315,0.0,0.0,0,0
1789005643.4809313,0.5131101608276367,0.0003219828162552434,6.301676626170556e-05,-2.9481833902418972,1.1124245384340064e-14,6.520846970133492e-07,0,1,0.0,0.0,-37.00770172243938,-18.27815159992315,0.0,0.0,0,0
1789005643.4954474,0.5276262760162354,0.00032198281625537406,6.301676626173114e-05,-2.9481835126901994,1.2797815351210917e-14,5.712148281990252e-07,0,1,0.0,0.0,-37.00770172243938,-18.27815159992315,0.0,0.0,0,0
1789005643.5460236,0.578202486038208,0.00032198281625463686,6.301676626158674e-05,-2.9481835813869,1.534213357730039e-14,4.7577344096511296e-07,0,1,0.0,0.0,-37.00770172243938,-18.27815159992315,0.0,0.0,0,0
1789005643.5809307,0.6131095886230469,0.0003219828162619119,6.301676626267981e-05,-2.9481835682061406,1.0339534941392745e-14,4.1599418600714525e-07,0,1,0.0,0.0,-37.00770172243938,-18.27815159992315,0.0,0.0,0,0
1789005643.5967946,0.6289734840393066,0.00032198281626201334,6.301676626269969e-05,-2.9481836483511925,1.2285147492536322e-14,3.5387282289834255e-07,0,1,0.0,0.0,-37.00770172243938,-18.27815159992315,0.0,0.0,0,0
1789005643.6476815,0.6798603534698486,0.00032198281626163436,6.301676626262548e-05,-2.9481832196095774,2.862068573683264e-14,3.1876870056734816e-07,0,1,0.0,0.0,-37.00770172243938,-18.27815159992315,0.0,0.0,0,0
1789005643.6809146,0.7130935192108154,0.00032198281626907247,6.301676626374966e-05,-2.9481832072628964,9.574372138092316e-15,3.4640306498690967e-07,0,1,0.0,0.0,-37.00770172243938,-18.27815159992315,0.0,0.0,0,0
1789005643.6981158,0.7302947044372559,0.0003219828162691173,6.301676626375843e-05,-2.948183050576277,1.1767107287265179e-14,3.768947976058241e-07,0,1,0.0,0.0,-37.00770172243938,-18.27815159992315,0.0,0.0,0,0
1789005643.7487323,0.7809112071990967,0.0003219828162687434,6.301676626368519e-05,-2.9481829039274676,2.722561361217049e-14,4.006059978078247e-07,0,1,0.0,0.0,-37.00770172243938,-18.27815159992315,0.0,0.0,0,0
1789005643.7809045,0.8130834102630615,0.00032198281627629743,6.301676626483115e-05,-2.948182887275875,8.943135180462428e-15,4.566321366721744e-07,0,1,0.0,0.0,-37.00770172243938,-18.27815159992315,0.0,0.0,0,0
1789005643.7993224,0.8315012454986572,0.0003219828162763278,6.30167662648371e-05,-2.9481827757205328,1.1240039461998371e-14,4.912505646548855e-07,0,1,0.0,0.0,-37.00770172243938,-18.27815159992315,0.0,0.0,0,0
1789005643.8501363,0.8823151588439941,0.00032198281627595916,6.301676626476493e-05,-2.948183082832453,2.6197338655084265e-14,5.089717447958255e-07,0,1,0.0,0.0,-37.00770172243938,-18.27815159992315,0.0,0.0,0,0
1789005643.8809447,0.913123607635498,0.00032198281628341907,6.301676626589166e-05,-2.9481830703096263,8.370490251336468e-15,4.56343590708785e-07,0,1,0.0,0.0,-37.00770172243938,-18.27815159992315,0.0,0.0,0,0
1789005643.9005778,0.9327566623687744,0.0003219828162834138,6.301676626589062e-05,-2.9481831885068805,1.0734840032885738e-14,4.1693211896675065e-07,0,1,0.0,0.0,-37.00770172243938,-18.27815159992315,0.0,0.0,0,0
1789005643.951182,0.983360767364502,0.00032198281628305196,6.301676626581975e-05,-2.948183149088261,2.4895636478588696e-14,3.897419615137213e-07,0,1,0.0,0.0,-37.00770172243938,-18.27815159992315,0.0,0.0,0,0
1789005643.9809132,1.013092041015625,0.0003219828162905586,6.301676626695475e-05,-2.948183139846457,7.857463406374245e-15,3.5374375492810634e-07,0,1,0.0,0.0,-37.00770172243938,-18.27815159992315,0.0,0.0,0,0
1789005644.0017927,1.0339715480804443,0.00032198281629053566,6.301676626695026e-05,-2.948183119141166,1.0258062541453896e-14,3.4169891067024866e-07,0,1,0.0,0.0,-37.00770172243938,-18.27815159992315,0.0,0.0,0,0
1789005644.0526376,1.0848164558410645,0.0003219828162901755,6.301676626687972e-05,-2.9481829330251283,2.3898748333210488e-14,3.3614505185020614e-07,0,1,0.0,0.0,-37.00770172243938,-18.27815159992315,0.0,0.0,0,0
1789005644.0808027,1.1129815578460693,0.00032198281629764814,6.301676626800721e-05,-2.948182922039576,7.385882129637773e-15,3.62177055935096e-07,0,1,0.0,0.0,-37.00770172243938,-18.27815159992315,0.0,0.0,0,0
1789005644.1031342,1.1353130340576172,0.00032198281629759653,6.30167662679971e-05,-2.948182854887002,9.83845313563999e-15,3.801314766041925e-07,0,1,0.0,0.0,-37.00770172243938,-18.27815159992315,0.0,0.0,0,0
1789005644.1538696,1.1860485076904297,0.00032198281629724205,6.301676626792767e-05,-2.948182611475404,2.2723220644426284e-14,3.9735890598167413e-07,0,1,0.0,0.0,-37.00770172243938,-18.27815159992315,0.0,0.0,0,0
1789005644.1808827,1.2130615711212158,0.00032198281630472093,6.301676626905553e-05,-2.9481825961071944,6.968167232792127e-15,4.7046402072899077e-07,0,1,0.0,0.0,-37.00770172243938,-18.27815159992315,0.0,0.0,0,0
1789005644.2047405,1.2369194030761719,0.00032198281630464975,6.30167662690416e-05,-2.948182313588195,9.44696476301135e-15,5.511993069938624e-07,0,1,0.0,0.0,-37.00770172243938,-18.27815159992315,0.0,0.0,0,0
1789005644.2551677,1.287346601486206,0.0003219828163043051,6.301676626897409e-05,-2.9481822097461827,2.1633997764517082e-14,6.060179045644077e-07,0,1,0.0,0.0,-37.00770172243938,-18.27815159992315,0.0,0.0,0,0
1789005644.2809033,1.313082218170166,0.0003219828163118435,6.301676627011268e-05,-2.9481821881737242,6.588828684730672e-15,7.030511489564205e-07,0,1,0.0,0.0,-37.00770172243938,-18.27815159992315,0.0,0.0,0,0
1789005644.3058026,1.3379814624786377,0.0003219828163117614,6.30167662700966e-05,-2.948182112858129,8.996683290438968e-15,7.497627088941002e-07,0,1,0.0,0.0,-37.00770172243938,-18.27815159992315,0.0,0.0,0,0
1789005644.3564432,1.3886220455169678,0.00032198281631141946,6.301676627002963e-05,-2.9481826229088397,2.0525513063877465e-14,7.697341311592373e-07,0,1,0.0,0.0,-37.00770172243938,-18.27815159992315,0.0,0.0,0,0
1789005644.3808494,1.4130282402038574,0.00032198281631894593,6.301676627116502e-05,-2.9481826092851167,6.2439789919062085e-15,6.877263875419363e-07,0,1,0.0,0.0,-37.00770172243938,-18.27815159992315,0.0,0.0,0,0
1789005644.4072616,1.4394404888153076,0.0003219828163188446,6.301676627114519e-05,-2.9481833313505614,8.636594552451055e-15,5.212779226615254e-07,0,1,0.0,0.0,-37.00770172243938,-18.27815159992315,0.0,0.0,0,0
1789005644.4576879,1.4898667335510254,0.00032198281631850916,6.301676627107949e-05,-2.948183561815403,1.9460200071669504e-14,4.117343008477205e-07,0,1,0.0,0.0,-37.00770172243938,-18.27815159992315,0.0,0.0,0,0
1789005644.4808455,1.5130243301391602,0.0003219828163259955,6.301676627220622e-05,-2.948183565140418,5.935165029881558e-15,1.9599999227279782e-07,0,1,0.0,0.0,-37.00770172243938,-18.27815159992315,0.0,0.0,0,0
1789005644.50831,1.5404889583587646,0.0003219828163256596,6.301676627214042e-05,-2.9481837759135665,1.8991722190494496e-14,1.9100438804433321e-07,0,1,0.0,0.0,-37.00770172243938,-18.27815159992315,0.0,0.0,0,0
1789005644.5589306,1.5911095142364502,0.00032198281632554016,6.301676627211703e-05,-2.9481837817120824,1.846482764965043e-14,-1.4301295752086286e-09,0,1,0.0,0.0,-37.00770172243938,-18.27815159992315,0.0,0.0,0,0
1789005644.5809128,1.6130917072296143,0.00032198281633303205,6.301676627324399e-05,-2.9481837895978935,5.658669342651508e-15,-1.309487689775117e-07,0,1,0.0,0.0,-37.00770172243938,-18.27815159992315,0.0,0.0,0,0
1789005644.6096969,1.6418757438659668,0.0003219828163326974,6.301676627317845e-05,-2.9481837873668892,1.8037666755993942e-14,-1.3081354885167532e-07,0,1,0.0,0.0,-37.00770172243938,-18.27815159992315,0.0,0.0,0,0
1789005644.630805,1.6629838943481445,0.0003219828163329042,6.301676627321896e-05,-2.9481837963076583,5.526431226948593e-15,-2.4617926807074873e-07,0,1,0.0,0.0,-37.00770172243938,-18.27815159992315,0.0,0.0,0,0
1789005644.6808853,1.713064193725586,0.0003219828163401272,6.301676627429244e-05,-2.9481843627554087,5.408492789128944e-15,-4.790741563931409e-07,0,1,0.0,0.0,-37.00770172243938,-18.27815159992315,0.0,0.0,0,0
1789005644.7106738,1.7428526878356934,0.00032198281633979964,6.30167662742283e-05,-2.948184839063843,1.699744862800025e-14,-4.899617024552234e-07,0,1,0.0,0.0,-37.00770172243938,-18.27815159992315,0.0,0.0,0,0
1789005644.7308426,1.763021469116211,0.0003219828163399894,6.301676627426546e-05,-2.9481848646134576,5.2914171849539384e-15,-7.540205910734565e-07,0,1,0.0,0.0,-37.00770172243938,-18.27815159992315,0.0,0.0,0,0
1789005644.7808735,1.8130524158477783,0.00032198281652247703,6.301676630147488e-05,-2.9481843963461225,5.1748680263300305e-15,-8.198764245323149e-07,0,1,0.0,0.0,-37.00770172243938,-18.27815159992315,0.0,0.0,0,0
1789005644.81209,1.844268798828125,0.0003219828165221505,6.301676630141092e-05,-2.9481842259025215,1.614171212075586e-14,-8.151597035688967e-07,0,1,0.0,0.0,-37.00770172243938,-18.27815159992315,0.0,0.0,0,0
1789005644.8308842,1.863063097000122,0.00032198281652232806,6.301676630144569e-05,-2.948184241785576,5.071983764782447e-15,-8.250787351770914e-07,0,1,0.0,0.0,-37.00770172243938,-18.27815159992315,0.0,0.0,0,0
1789005644.8808377,1.9130165576934814,0.00032198281670443646,6.30167663285988e-05,-2.9481846819218314,4.966476582048105e-15,-9.520763263860374e-07,0,1,0.0,0.0,-37.00770172243938,-18.27815159992315,0.0,0.0,0,0
1789005644.913706,1.9458849430084229,0.0003219828167041081,6.301676632853448e-05,-2.948185033927964,1.5392574675431153e-14,-9.596668659999273e-07,0,1,0.0,0.0,-37.00770172243938,-18.27815159992315,0.0,0.0,0,0
1789005644.9309237,1.9631025791168213,0.00032198281670427697,6.301676632856755e-05,-2.948185060008964,4.8726006297105585e-15,-1.1246737204077618e-06,0,1,0.0,0.0,-37.00770172243938,-18.27815159992315,0.0,0.0,0,0
1789005644.9808857,2.0130646228790283,0.0003219828167114577,6.301676632963325e-05,-2.948184134713269,4.778335158869701e-15,-9.779349901619782e-07,0,1,0.0,0.0,-37.00770172243938,-18.27815159992315,0.0,0.0,0,0
1789005645.0152218,2.047400712966919,0.0003219828167111307,6.30167663295692e-05,-2.9481838049955216,1.4631036873951894e-14,-9.69158528412443e-07,0,1,0.0,0.0,-37.00770172243938,-18.27815159992315,0.0,0.0,0,0
1789005645.0308318,2.0630106925964355,0.00032198281671129024,6.301676632960047e-05,-2.948183811567644,4.6943090954695234e-15,-8.117265227490209e-07,0,1,0.0,0.0,-37.00770172243938,-18.27815159992315,0.0,0.0,0,0
1789005645.0808876,2.1130664348602295,0.0003219828167184942,6.301676633066995e-05,-2.9481845958622093,4.614776957620741e-15,-9.233656432975323e-07,0,1,0.0,0.0,-37.00770172243938,-18.27815159992315,0.0,0.0,0,0
1789005645.1167252,2.1489040851593018,0.00032198281671816836,6.301676633060613e-05,-2.9481855405286033,1.3917791665352117e-14,-9.450887685381085e-07,0,1,0.0,0.0,-37.00770172243938,-18.27815159992315,0.0,0.0,0,0
1789005645.1308901,2.163069009780884,0.0003219828167183216,6.301676633063615e-05,-2.9481855698238753,4.536070471981168e-15,-1.2705745500854281e-06,0,1,0.0,0.0,-37.00770172243938,-18.27815159992315,0.0,0.0,0,0
1789005645.1808903,2.213069200515747,0.0003219828167255191,6.301676633170349e-05,-2.9481859036600513,4.624198470517488e-15,-1.4545730054606193e-06,0,1,0.0,0.0,-37.00770172243938,-18.27815159992315,0.0,0.0,0,0
1789005645.2178397,2.25001859664917,0.000321982816725194,6.301676633163982e-05,-2.948186170012024,1.330675091757138e-14,-1.4611221613531646e-06,0,1,0.0,0.0,-37.00770172243938,-18.27815159992315,0.0,0.0,0,0
1789005645.230913,2.263091802597046,0.0003219828167253529,6.301676633167095e-05,-2.9481862060415036,4.39639859562316e-15,-1.7487468110163756e-06,0,1,0.0,0.0,-37.00770172243938,-18.27815159992315,0.0,0.0,0,0
1789005645.2809124,2.313091278076172,0.00032198281673254944,6.30167663327372e-05,-2.948186232487804,4.4831551168599945e-15,-1.8520285662738433e-06,0,1,0.0,0.0,-37.00770172243938,-18.27815159992315,0.0,0.0,0,0
1789005645.319346,2.351524829864502,0.0003219828167322263,6.301676633267391e-05,-2.9481860235776782,1.26545107405629e-14,-1.8431956178853115e-06,0,1,0.0,0.0,-37.00770172243938,-18.27815159992315,0.0,0.0,0,0
1789005645.3308573,2.3630361557006836,0.0003219828167323774,6.301676633270349e-05,-2.9481860499123824,4.266075909897787e-15,-1.941459649191493e-06,0,1,0.0,0.0,-37.00770172243938,-18.27815159992315,0.0,0.0,0,0
1789005645.3808343,2.413013219833374,0.0003219828167396005,6.30167663337741e-05,-2.94818594327604,4.3553744642451015e-15,-1.9426954875791222e-06,0,1,0.0,0.0,-37.00770172243938,-18.27815159992315,0.0,0.0,0,0
1789005645.4203517,2.4525306224823,0.0003219828167392842,6.301676633371215e-05,-2.9481858251275908,1.1957584332054864e-14,-1.936281606064031e-06,0,1,0.0,0.0,-37.00770172243938,-18.27815159992315,0.0,0.0,0,0
1789005645.4309244,2.4631032943725586,0.0003219828167394236,6.301676633373946e-05,-2.9481858437636648,4.153854886319368e-15,-1.9050763669680026e-06,0,1,0.0,0.0,-37.00770172243938,-18.27815159992315,0.0,0.0,0,0
1789005645.4809077,2.5130865573883057,0.0003219828167466628,6.301676633481252e-05,-2.948185708994144,4.239888416322839e-15,-1.8552212540728356e-06,0,1,0.0,0.0,-37.00770172243938,-18.27815159992315,0.0,0.0,0,0
1789005645.5218582,2.554037094116211,0.00032198281674634927,6.30167663347511e-05,-2.9481853623780796,1.136701241844179e-14,-1.8415406611291391e-06,0,1,0.0,0.0,-37.00770172243938,-18.27815159992315,0.0,0.0,0,0
1789005645.5308323,2.5630111694335938,0.0003219828167464838,6.301676633477746e-05,-2.948185370166494,4.046857272101821e-15,-1.6686974172416927e-06,0,1,0.0,0.0,-37.00770172243938,-18.27815159992315,0.0,0.0,0,0
1789005645.5808327,2.613011598587036,0.0003219828167537414,6.301676633585318e-05,-2.948185239095774,4.135530415766029e-15,-1.5669099874879334e-06,0,1,0.0,0.0,-37.00770172243938,-18.27815159992315,0.0,0.0,0,0
1789005645.6229074,2.6550862789154053,0.0003219828167534339,6.301676633579294e-05,-2.948185109869425,1.0761379677502514e-14,-1.5604000844891766e-06,0,1,0.0,0.0,-37.00770172243938,-18.27815159992315,0.0,0.0,0,0
1789005645.6308327,2.6630115509033203,0.000321982816753558,6.301676633581724e-05,-2.948185112527365,3.95492819793416e-15,-1.3892415193106387e-06,0,1,0.0,0.0,-37.00770172243938,-18.27815159992315,0.0,0.0,0,0
1789005645.680911,2.713089942932129,0.0003219828167608316,6.301676633689529e-05,-2.9481846487975423,4.041377167194046e-15,-1.1989679267175502e-06,0,1,0.0,0.0,-37.00770172243938,-18.27815159992315,0.0,0.0,0,0
1789005645.7241821,2.7563610076904297,0.00032198281676052906,6.301676633683604e-05,-2.9481845806879505,1.0206252261845745e-14,-1.1948883946674764e-06,0,1,0.0,0.0,-37.00770172243938,-18.27815159992315,0.0,0.0,0,0
1789005645.730835,2.7630138397216797,0.0003219828167606464,6.3016766336859e-05,-2.9481845753620144,3.87004118904788e-15,-9.467624431533588e-07,0,1,0.0,0.0,-37.00770172243938,-18.27815159992315,0.0,0.0,0,0
1789005645.7808325,2.813011407852173,0.0003219828167679356,6.301676633793924e-05,-2.948184505613133,3.9554823336818605e-15,-8.309221810262438e-07,0,1,0.0,0.0,-37.00770172243938,-18.27815159992315,0.0,0.0,0,0
1789005645.8254244,2.8576033115386963,0.0003219828167676367,6.30167663378807e-05,-2.948184441894339,9.704070574823892e-15,-8.275759865355614e-07,0,1,0.0,0.0,-37.00770172243938,-18.27815159992315,0.0,0.0,0,0
1789005645.8308322,2.863011121749878,0.0003219828167677479,6.301676633790247e-05,-2.9481844364798993,3.794284418791786e-15,-6.478589878119663e-07,0,1,0.0,0.0,-37.00770172243938,-18.27815159992315,0.0,0.0,0,0
1789005645.8808844,2.9130632877349854,0.0003219828167750527,6.301676633898495e-05,-2.9481846293307754,3.8783445380467045e-15,-5.905039590274006e-07,0,1,0.0,0.0,-37.00770172243938,-18.27815159992315,0.0,0.0,0,0
1789005645.9308357,2.963014602661133,0.0003219828167748644,6.301676633894806e-05,-2.9481845821445583,3.725775812548595e-15,-4.819382894137596e-07,0,1,0.0,0.0,-37.00770172243938,-18.27815159992315,0.0,0.0,0,0
1789005645.9808352,3.013014078140259,0.0003219828167821856,6.301676634003288e-05,-2.9481845380848752,3.808154409580014e-15,-4.2440843581941704e-07,0,1,0.0,0.0,-37.00770172243938,-18.27815159992315,0.0,0.0,0,0
1789005646.0308313,3.0630102157592773,0.000321982816781993,6.301676633999513e-05,-2.9481844974142817,3.777234816907739e-15,-3.575826242868524e-07,0,1,0.0,0.0,-37.00770172243938,-18.27815159992315,0.0,0.0,0,0
1789005646.0808628,3.113041639328003,0.0003219828167893316,6.301676634108255e-05,-2.9481841894291643,3.746347060614252e-15,-2.0950846633102177e-07,0,1,0.0,0.0,-37.00770172243938,-18.27815159992315,0.0,0.0,0,0
1789005646.1308854,3.1630642414093018,0.0003219828167891391,6.301676634104483e-05,-2.948184118762895,3.7170410185533805e-15,-8.790856732934078e-08,0,1,0.0,0.0,-37.00770172243938,-18.27815159992315,0.0,0.0,0,0
1789005646.1809194,3.2130982875823975,0.0003219828167964956,6.301676634213486e-05,-2.948184052556408,3.688991332093183e-15,1.9823292088204094e-08,0,1,0.0,0.0,-37.00770172243938,-18.27815159992315,0.0,0.0,0,0
1789005646.23092,3.263098955154419,0.00032198281679630394,6.301676634209732e-05,-2.9481837248158747,3.662392222852824e-15,1.9875091538386897e-07,0,1,0.0,0.0,-37.00770172243938,-18.27815159992315,0.0,0.0,0,0
1789005646.2811465,3.3133254051208496,0.0003219828168036765,6.301676634318965e-05,-2.9481834660223933,3.64227873488819e-15,3.779683021997155e-07,0,1,0.0,0.0,-37.00770172243938,-18.27815159992315,0.0,0.0,0,0
1789005646.3317287,3.3639075756073,0.0003219828168034847,6.301676634315208e-05,-2.9481829237960557,3.6293728542621756e-15,6.230074162745373e-07,0,1,0.0,0.0,-37.00770172243938,-18.27815159992315,0.0,0.0,0,0
1789005646.3823829,3.4145617485046387,0.00032198281681087134,6.301676634424637e-05,-2.948182455001707,3.617738132621767e-15,8.911279581946266e-07,0,1,0.0,0.0,-37.00770172243938,-18.27815159992315,0.0,0.0,0,0
1789005646.4332762,3.4654550552368164,0.00032198281681068344,6.301676634420956e-05,-2.948181866705206,3.6101553517762074e-15,1.2528751612289703e-06,0,1,0.0,0.0,-37.00770172243938,-18.27815159992315,0.0,0.0,0,0
1789005646.4837403,3.5159192085266113,0.00032198281681809,6.301676634530691e-05,-2.9481816310038766,3.5932375138410454e-15,1.54016493103579e-06,0,1,0.0,0.0,-37.00770172243938,-18.27815159992315,0.0,0.0,0,0
1789005646.5344021,3.5665810108184814,0.00032198281681790694,6.301676634527105e-05,-2.948181465950552,3.582758390936416e-15,1.7727395726664245e-06,0,1,0.0,0.0,-37.00770172243938,-18.27815159992315,0.0,0.0,0,0
1789005646.5852003,3.6173791885375977,0.0003219828168253319,6.301676634637114e-05,-2.9481812925276465,3.572010651030512e-15,2.0081300114988884e-06,0,1,0.0,0.0,-37.00770172243938,-18.27815159992315,0.0,0.0,0,0
1789005646.6356294,3.6678082942962646,0.00032198281682515386,6.301676634633626e-05,-2.9481809226200633,3.5561188085768e-15,2.2430058243238816e-06,0,1,0.0,0.0,-37.00770172243938,-18.27815159992315,0.0,0.0,0,0
1789005646.6862507,3.7184295654296875,0.0003219828168325942,6.301676634743856e-05,-2.948180596564361,3.5447799737301e-15,2.4630526658514573e-06,0,1,0.0,0.0,-37.00770172243938,-18.27815159992315,0.0,0.0,0,0
1789005646.736854,3.7690329551696777,0.000321982816832418,6.301676634740405e-05,-2.948180272091845,3.5327423270754424e-15,2.6737995508080038e-06,0,1,0.0,0.0,-37.00770172243938,-18.27815159992315,0.0,0.0,0,0
1789005646.7876992,3.819878101348877,0.0003219828168398825,6.301676634851021e-05,-2.94817991681667,3.764765013584243e-15,2.803416157119907e-06,0,1,0.0,0.0,-37.00770172243938,-18.27815159992315,0.0,0.0,0,0
1789005646.8381324,3.8703112602233887,0.0003219828168397151,6.301676634847743e-05,-2.9481798307937,3.5062020000653647e-15,3.0945951385162428e-06,0,1,0.0,0.0,-37.00770172243938,-18.27815159992315,0.0,0.0,0,0
1789005646.8887508,3.9209296703338623,0.0003219828168471948,6.301676634958575e-05,-2.948179765848747,3.74955179330511e-15,3.186322796771516e-06,0,1,0.0,0.0,-37.00770172243938,-18.27815159992315,0.0,0.0,0,0
1789005646.939373,3.9715518951416016,0.0003219828168470282,6.301676634955313e-05,-2.9481799402043767,3.484449284617549e-15,3.250374556549971e-06,0,1,0.0,0.0,-37.00770172243938,-18.27815159992315,0.0,0.0,0,0
1789005646.9902732,4.022452116012573,0.00032198281685452587,6.301676635066413e-05,-2.9481803014989727,3.7498871705032684e-15,3.247170900444918e-06,0,1,0.0,0.0,-37.00770172243938,-18.27815159992315,0.0,0.0,0,0
1789005647.0407217,4.0729005336761475,0.00032198281685436237,6.301676635063209e-05,-2.948180367141846,3.462904628631468e-15,3.0950552792394587e-06,0,1,0.0,0.0,-37.00770172243938,-18.27815159992315,0.0,0.0,0,0
1789005647.0912993,4.123478174209595,0.0003219828168618784,6.301676635174586e-05,-2.9481804324885204,3.724837370826875e-15,3.0313577532445095e-06,0,1,0.0,0.0,-37.00770172243938,-18.27815159992315,0.0,0.0,0,0
1789005647.1421065,4.174285411834717,0.00032198281686171483,6.301676635171384e-05,-2.9481807997571985,3.44315387929499e-15,2.782477628233523e-06,0,1,0.0,0.0,-37.00770172243938,-18.27815159992315,0.0,0.0,0,0
1789005647.1925619,4.224740743637085,0.00032198281686924917,6.301676635283034e-05,-2.9481808762785797,3.708700842340866e-15,2.6677908962018464e-06,0,1,0.0,0.0,-37.00770172243938,-18.27815159992315,0.0,0.0,0,0
1789005647.2431965,4.2753753662109375,0.0003219828168690874,6.301676635279867e-05,-2.94818127329813,3.422339647208294e-15,2.353509432243384e-06,0,1,0.0,0.0,-37.00770172243938,-18.27815159992315,0.0,0.0,0,0
1789005647.2808478,4.313026666641235,0.00032198281687668176,6.301676635392611e-05,-2.948181192320551,3.3202414646333365e-15,2.2257380883366276e-06,0,1,0.0,0.0,-37.00770172243938,-18.27815159992315,0.0,0.0,0,0
1789005647.293844,4.3260228633880615,0.0003219828168766456,6.301676635391904e-05,-2.9481816232551545,3.3454212115193252e-15,2.0527049931139997e-06,0,1,0.0,0.0,-37.00770172243938,-18.27815159992315,0.0,0.0,0,0
1789005647.344668,4.376846790313721,0.00032198281687647587,6.301676635388578e-05,-2.9481821104744768,3.404930586012859e-15,1.7301059335011773e-06,0,1,0.0,0.0,-37.00770172243938,-18.27815159992315,0.0,0.0,0,0
1789005647.380856,4.413034915924072,0.00032198281688409494,6.301676635501717e-05,-2.948182058721694,3.3027382342840488e-15,1.5330278162623533e-06,0,1,0.0,0.0,-37.00770172243938,-18.27815159992315,0.0,0.0,0,0
1789005647.3951087,4.427287578582764,0.0003219828168840546,6.301676635500926e-05,-2.9481822254053496,3.334410912743875e-15,1.3547366138464822e-06,0,1,0.0,0.0,-37.00770172243938,-18.27815159992315,0.0,0.0,0,0
1789005647.4456725,4.477851390838623,0.000321982816883887,6.301676635497643e-05,-2.948182378151143,3.38491126073575e-15,1.1334267343901766e-06,0,1,0.0,0.0,-37.00770172243938,-18.27815159992315,0.0,0.0,0,0
1789005647.4808333,4.513012170791626,0.00032198281689152394,6.301676635611054e-05,-2.948182346547716,3.2870270569623884e-15,9.933025663463095e-07,0,1,0.0,0.0,-37.00770172243938,-18.27815159992315,0.0,0.0,0,0
1789005647.496255,4.528433799743652,0.00032198281689147933,6.301676635610181e-05,-2.9481825230289007,3.323048959807212e-15,8.462727269339855e-07,0,1,0.0,0.0,-37.00770172243938,-18.27815159992315,0.0,0.0,0,0
1789005647.5470731,4.579252004623413,0.000321982816891312,6.301676635606903e-05,-2.948182795598014,3.3688318882555544e-15,5.916595671445788e-07,0,1,0.0,0.0,-37.00770172243938,-18.27815159992315,0.0,0.0,0,0
1789005647.5808332,4.613012075424194,0.0003219828168989738,6.301676635720713e-05,-2.948182784070624,3.272749397410351e-15,4.3591485749257537e-07,0,1,0.0,0.0,-37.00770172243938,-18.27815159992315,0.0,0.0,0,0
1789005647.5975137,4.629692554473877,0.0003219828168989251,6.301676635719757e-05,-2.948182917686858,3.3125248755710848e-15,2.882265923972183e-07,0,1,0.0,0.0,-37.00770172243938,-18.27815159992315,0.0,0.0,0,0
1789005647.6480908,4.680269718170166,0.0003219828168987652,6.301676635716624e-05,-2.948183159063662,3.6094850815438965e-15,1.7575168722693802e-07,0,1,0.0,0.0,-37.00770172243938,-18.27815159992315,0.0,0.0,0,0
1789005647.680888,4.713066816329956,0.00032198281690645227,6.301676635830844e-05,-2.9481831697542695,3.2590612742192544e-15,-5.840673875644775e-08,0,1,0.0,0.0,-37.00770172243938,-18.27815159992315,0.0,0.0,0,0
1789005647.698925,4.731103897094727,0.00032198281690639865,6.301676635829793e-05,-2.948183524841775,3.302628338073388e-15,-2.443769699514603e-07,0,1,0.0,0.0,-37.00770172243938,-18.27815159992315,0.0,0.0,0,0
1789005647.7493773,4.781556129455566,0.0003219828169062391,6.301676635826669e-05,-2.9481835445625677,3.5888299786905315e-15,-3.7878006845167496e-07,0,1,0.0,0.0,-37.00770172243938,-18.27815159992315,0.0,0.0,0,0
1789005647.780916,4.813094854354858,0.00032198281691394584,6.301676635941193e-05,-2.9481835701901824,3.247565060743209e-15,-5.863690266097302e-07,0,1,0.0,0.0,-37.00770172243938,-18.27815159992315,0.0,0.0,0,0
1789005647.7999446,4.832123517990112,0.00032198281691388854,6.301676635940072e-05,-2.9481835770540665,3.291552729221754e-15,-6.713479581340806e-07,0,1,0.0,0.0,-37.00770172243938,-18.27815159992315,0.0,0.0,0,0
1789005647.8506174,4.882796287536621,0.00032198281691372824,6.301676635936932e-05,-2.9481837820795636,3.565284639524225e-15,-7.399675938747785e-07,0,1,0.0,0.0,-37.00770172243938,-18.27815159992315,0.0,0.0,0,0
1789005647.8808322,4.913011074066162,0.0003219828169214548,6.301676636051764e-05,-2.9481838150609283,3.2371004111392386e-15,-9.001211311903522e-07,0,1,0.0,0.0,-37.00770172243938,-18.27815159992315,0.0,0.0,0,0
1789005647.9015565,4.933735370635986,0.00032198281692139176,6.30167663605053e-05,-2.9481840524192444,3.2838573659956925e-15,-1.0324479119846935e-06,0,1,0.0,0.0,-37.00770172243938,-18.27815159992315,0.0,0.0,0,0
1789005647.9520328,4.984211683273315,0.00032198281692123217,6.301676636047403e-05,-2.948184093800979,3.5444444142994577e-15,-1.1261314316073945e-06,0,1,0.0,0.0,-37.00770172243938,-18.27815159992315,0.0,0.0,0,0
1789005647.9808352,5.013014078140259,0.00032198281692898123,6.301676636162591e-05,-2.948184135586636,3.2276627924806358e-15,-1.273647730890849e-06,0,1,0.0,0.0,-37.00770172243938,-18.27815159992315,0.0,0.0,0,0
1789005648.0026233,5.034802198410034,0.00032198281692891455,6.301676636161286e-05,-2.948184138334665,3.2739775068269025e-15,-1.3330409935427344e-06,0,1,0.0,0.0,-37.00770172243938,-18.27815159992315,0.0,0.0,0,0
1789005648.0534105,5.085589408874512,0.00032198281692875404,6.301676636158143e-05,-2.94818445232933,3.523792787190154e-15,-1.3828909697806456e-06,0,1,0.0,0.0,-37.00770172243938,-18.27815159992315,0.0,0.0,0,0
1789005648.080885,5.113063812255859,0.00032198281693652343,6.301676636273646e-05,-2.9481845007721956,3.2192142973844068e-15,-1.5631899225301893e-06,0,1,0.0,0.0,-37.00770172243938,-18.27815159992315,0.0,0.0,0,0
1789005648.1038342,5.136013031005859,0.0003219828169364528,6.301676636272263e-05,-2.948184615241118,3.2650096369824298e-15,-1.6473546648343852e-06,0,1,0.0,0.0,-37.00770172243938,-18.27815159992315,0.0,0.0,0,0
1789005648.1543717,5.186550617218018,0.0003219828169362932,6.301676636269139e-05,-2.9481846200125865,3.4981621605978406e-15,-1.7054757395227788e-06,0,1,0.0,0.0,-37.00770172243938,-18.27815159992315,0.0,0.0,0,0
1789005648.1808817,5.213060617446899,0.000321982816944083,6.301676636384959e-05,-2.9481846704839887,3.2116506236940162e-15,-1.7889279782741848e-06,0,1,0.0,0.0,-37.00770172243938,-18.27815159992315,0.0,0.0,0,0
1789005648.2049267,5.23710560798645,0.00032198281694400865,6.301676636383503e-05,-2.948184626996745,3.2563371887573785e-15,-1.8143489692190506e-06,0,1,0.0,0.0,-37.00770172243938,-18.27815159992315,0.0,0.0,0,0
1789005648.2557294,5.287908315658569,0.00032198281694384835,6.301676636380363e-05,-2.948184878454255,3.4777920338389033e-15,-1.8376462178137666e-06,0,1,0.0,0.0,-37.00770172243938,-18.27815159992315,0.0,0.0,0,0
1789005648.2808838,5.31306266784668,0.00032198281695166323,6.301676636496583e-05,-2.948184930784122,3.204700248565074e-15,-1.9448045033228707e-06,0,1,0.0,0.0,-37.00770172243938,-18.27815159992315,0.0,0.0,0,0
1789005648.3061357,5.338314533233643,0.00032198281695158517,6.301676636495052e-05,-2.9481850217793766,3.248427334968267e-15,-1.9958430365222245e-06,0,1,0.0,0.0,-37.00770172243938,-18.27815159992315,0.0,0.0,0,0
1789005648.3567317,5.388910531997681,0.0003219828169514257,6.301676636491929e-05,-2.948185052109887,3.4544104343409666e-15,-2.0297243970775807e-06,0,1,0.0,0.0,-37.00770172243938,-18.27815159992315,0.0,0.0,0,0
1789005648.3808968,5.413075685501099,0.00032198281695925806,6.301676636608413e-05,-2.9481851040085756,3.1985687261348128e-15,-2.075755606862462e-06,0,1,0.0,0.0,-37.00770172243938,-18.27815159992315,0.0,0.0,0,0
1789005648.4073372,5.439516067504883,0.00032198281695917187,6.301676636606725e-05,-2.948185076797412,3.4440478748954594e-15,-2.073894468669943e-06,0,1,0.0,0.0,-37.00770172243938,-18.27815159992315,0.0,0.0,0,0
1789005648.4582202,5.490399122238159,0.0003219828169590155,6.301676636603662e-05,-2.9481851911339203,3.437647170080031e-15,-2.0938920975179886e-06,0,1,0.0,0.0,-37.00770172243938,-18.27815159992315,0.0,0.0,0,0
1789005648.4808822,5.513061046600342,0.0003219828169668704,6.301676636720506e-05,-2.948185240537001,3.1929371658414482e-15,-2.1295570926423653e-06,0,1,0.0,0.0,-37.00770172243938,-18.27815159992315,0.0,0.0,0,0
1789005648.50877,5.540948867797852,0.0003219828169667798,6.301676636718732e-05,-2.9481852832756927,3.426453564993987e-15,-2.1291689461915227e-06,0,1,0.0,0.0,-37.00770172243938,-18.27815159992315,0.0,0.0,0,0
1789005648.5595617,5.591740608215332,0.0003219828169666237,6.301676636715671e-05,-2.9481852703568237,3.4190898701461366e-15,-2.1503561867801426e-06,0,1,0.0,0.0,-37.00770172243938,-18.27815159992315,0.0,0.0,0,0
1789005648.5808158,5.61299467086792,0.0003219828169745006,6.301676636832861e-05,-2.9481853154858118,3.18784469419643e-15,-2.140720596810701e-06,0,1,0.0,0.0,-37.00770172243938,-18.27815159992315,0.0,0.0,0,0
1789005648.6107247,5.642903566360474,0.0003219828169744037,6.301676636830964e-05,-2.948185323921429,3.4136602966835328e-15,-2.1394586186703665e-06,0,1,0.0,0.0,-37.00770172243938,-18.27815159992315,0.0,0.0,0,0
1789005648.6309166,5.663095474243164,0.0003219828169743464,6.301676636829842e-05,-2.9481853664974307,3.185562913263842e-15,-2.1276914075035313e-06,0,1,0.0,0.0,-37.00770172243938,-18.27815159992315,0.0,0.0,0,0
1789005648.6809103,5.713089227676392,0.00032198281698214774,6.301676636945471e-05,-2.948185517179623,3.1832062198885973e-15,-2.136586829601716e-06,0,1,0.0,0.0,-37.00770172243938,-18.27815159992315,0.0,0.0,0,0
1789005648.7122052,5.744384050369263,0.00032198281698204675,6.301676636943492e-05,-2.9481856021443127,3.396125428336568e-15,-2.1370182806244076e-06,0,1,0.0,0.0,-37.00770172243938,-18.27815159992315,0.0,0.0,0,0
1789005648.7309108,5.763089656829834,0.0003219828169819937,6.301676636942453e-05,-2.948185642829425,3.1811822811413458e-15,-2.149200386254331e-06,0,1,0.0,0.0,-37.00770172243938,-18.27815159992315,0.0,0.0,0,0
1789005648.780837,5.813015937805176,0.00032198281698981316,6.301676637058352e-05,-2.948185745056161,3.179045097146708e-15,-2.157889402141902e-06,0,1,0.0,0.0,-37.00770172243938,-18.27815159992315,0.0,0.0,0,0
1789005648.813831,5.846009969711304,0.0003219828169897069,6.301676637056271e-05,-2.9481859281356235,3.381307075965758e-15,-2.1604890149889093e-06,0,1,0.0,0.0,-37.00770172243938,-18.27815159992315,0.0,0.0,0,0
1789005648.8309379,5.86311674118042,0.00032198281698965844,6.301676637055323e-05,-2.948185967228264,3.177251943848751e-15,-2.2023649149270948e-06,0,1,0.0,0.0,-37.00770172243938,-18.27815159992315,0.0,0.0,0,0
1789005648.8808732,5.913052082061768,0.0003219828169974955,6.301676637171484e-05,-2.9481861851160804,3.1753429574269683e-15,-2.25903303454207e-06,0,1,0.0,0.0,-37.00770172243938,-18.27815159992315,0.0,0.0,0,0
1789005648.9149475,5.947126388549805,0.00032198281699738615,6.301676637169344e-05,-2.9481863312751484,3.3634567526287782e-15,-2.2606897490026192e-06,0,1,0.0,0.0,-37.00770172243938,-18.27815159992315,0.0,0.0,0,0
1789005648.930928,5.963106870651245,0.0003219828169973409,6.301676637168457e-05,-2.948186370405809,3.1737588394622623e-15,-2.314096618851854e-06,0,1,0.0,0.0,-37.00770172243938,-18.27815159992315,0.0,0.0,0,0
1789005648.980834,6.013012886047363,0.0003219828170051959,6.301676637284888e-05,-2.948186431551002,3.1720047284162547e-15,-2.336023069206657e-06,0,1,0.0,0.0,-37.00770172243938,-18.27815159992315,0.0,0.0,0,0
1789005649.0164661,6.04864501953125,0.0003219828170050819,6.301676637282656e-05,-2.948186398868598,3.3490998702936944e-15,-2.3333211216101856e-06,0,1,0.0,0.0,-37.00770172243938,-18.27815159992315,0.0,0.0,0,0
1789005649.0308394,6.063018321990967,0.0003219828170050413,6.301676637281862e-05,-2.9481864320398024,3.1705431815836744e-15,-2.3258069856995718e-06,0,1,0.0,0.0,-37.00770172243938,-18.27815159992315,0.0,0.0,0,0
1789005649.0808837,6.113062620162964,0.00032198281701291203,6.301676637398525e-05,-2.948186484497211,3.169019042965492e-15,-2.306314049942327e-06,0,1,0.0,0.0,-37.00770172243938,-18.27815159992315,0.0,0.0,0,0
1789005649.1178257,6.150004625320435,0.0003219828170127942,6.301676637396217e-05,-2.948186493620424,3.3342144759512927e-15,-2.304465539065049e-06,0,1,0.0,0.0,-37.00770172243938,-18.27815159992315,0.0,0.0,0,0
1789005649.1309047,6.163083553314209,0.0003219828170127573,6.301676637395496e-05,-2.948186522243158,3.1676963232291738e-15,-2.2764665814987613e-06,0,1,0.0,0.0,-37.00770172243938,-18.27815159992315,0.0,0.0,0,0
1789005649.180837,6.213015794754028,0.0003219828170206474,6.301676637512446e-05,-2.948186490132867,3.169152482257721e-15,-2.2345502167272917e-06,0,1,0.0,0.0,-37.00770172243938,-18.27815159992315,0.0,0.0,0,0
1789005649.219009,6.251187801361084,0.0003219828170205258,6.301676637510064e-05,-2.948186544389033,3.3227624178456464e-15,-2.2335849392461387e-06,0,1,0.0,0.0,-37.00770172243938,-18.27815159992315,0.0,0.0,0,0
1789005649.2308335,6.263012409210205,0.0003219828170204928,6.301676637509417e-05,-2.948186567748693,3.165144173403219e-15,-2.1787173759719034e-06,0,1,0.0,0.0,-37.00770172243938,-18.27815159992315,0.0,0.0,0,0
1789005649.2809103,6.31308913230896,0.0003219828170284009,6.30167663762663e-05,-2.9481866284911495,3.1665956104749095e-15,-2.1491133787326953e-06,0,1,0.0,0.0,-37.00770172243938,-18.27815159992315,0.0,0.0,0,0
1789005649.3201795,6.352358341217041,0.00032198281702827615,6.301676637624185e-05,-2.94818665287717,3.3086106305645864e-15,-2.1472065539581255e-06,0,1,0.0,0.0,-37.00770172243938,-18.27815159992315,0.0,0.0,0,0
1789005649.3309197,6.363098621368408,0.00032198281702824623,6.3016766376236e-05,-2.948186672867,3.162858257575488e-15,-2.0948146185243694e-06,0,1,0.0,0.0,-37.00770172243938,-18.27815159992315,0.0,0.0,0,0
1789005649.380864,6.413042783737183,0.00032198281703617234,6.301676637741088e-05,-2.9481860314263986,3.164254796200481e-15,-1.9119044850172654e-06,0,1,0.0,0.0,-37.00770172243938,-18.27815159992315,0.0,0.0,0,0
1789005649.4216602,6.453839063644409,0.000321982817036043,6.301676637738555e-05,-2.948186118185296,3.296745706101676e-15,-1.9121934871052822e-06,0,1,0.0,0.0,-37.00770172243938,-18.27815159992315,0.0,0.0,0,0
1789005649.4308975,6.46307635307312,0.00032198281703601757,6.301676637738055e-05,-2.948186125117789,3.1607477210240053e-15,-1.7177032161474914e-06,0,1,0.0,0.0,-37.00770172243938,-18.27815159992315,0.0,0.0,0,0
1789005649.480835,6.51301383972168,0.00032198281704395957,6.30167663785578e-05,-2.9481861999427994,3.1621648987024492e-15,-1.6429348014542364e-06,0,1,0.0,0.0,-37.00770172243938,-18.27815159992315,0.0,0.0,0,0
1789005649.5232663,6.555445194244385,0.0003219828170438253,6.301676637853151e-05,-2.9481864257548924,3.285799802219856e-15,-1.6480841300544356e-06,0,1,0.0,0.0,-37.00770172243938,-18.27815159992315,0.0,0.0,0,0
1789005649.5309327,6.5631115436553955,0.00032198281704380453,6.301676637852745e-05,-2.948186434727829,3.158842059532466e-15,-1.5737672045433588e-06,0,1,0.0,0.0,-37.00770172243938,-18.27815159992315,0.0,0.0,0,0
1789005649.5808647,6.613043546676636,0.00032198281705176436,6.301676637970737e-05,-2.948186661334315,3.1602590957892675e-15,-1.5739116157437555e-06,0,1,0.0,0.0,-37.00770172243938,-18.27815159992315,0.0,0.0,0,0
1789005649.6245534,6.6567323207855225,0.00032198281705162645,6.301676637968036e-05,-2.9481868445341366,3.2743516464773662e-15,-1.5777662655793984e-06,0,1,0.0,0.0,-37.00770172243938,-18.27815159992315,0.0,0.0,0,0
1789005649.6308992,6.66307806968689,0.00032198281705160943,6.301676637967704e-05,-2.948186855575526,3.1571419004031437e-15,-1.5963765189892733e-06,0,1,0.0,0.0,-37.00770172243938,-18.27815159992315,0.0,0.0,0,0
1789005649.680838,6.713016986846924,0.0003219828170595865,6.301676638085951e-05,-2.9481870171344737,3.1585401030120546e-15,-1.6156573545850327e-06,0,1,0.0,0.0,-37.00770172243938,-18.27815159992315,0.0,0.0,0,0
1789005649.7260742,6.75825309753418,0.00032198281705944393,6.301676638083159e-05,-2.9481871753414306,3.2643090335410603e-15,-1.6184483632220402e-06,0,1,0.0,0.0,-37.00770172243938,-18.27815159992315,0.0,0.0,0,0
1789005649.730844,6.7630228996276855,0.0003219828170594316,6.301676638082918e-05,-2.9481871850353967,3.155587406635441e-15,-1.6608056622835841e-06,0,1,0.0,0.0,-37.00770172243938,-18.27815159992315,0.0,0.0,0,0
1789005649.7808867,6.813065528869629,0.00032198281706742653,6.301676638201431e-05,-2.948187284867721,3.15698361321658e-15,-1.6776534151166787e-06,0,1,0.0,0.0,-37.00770172243938,-18.27815159992315,0.0,0.0,0,0
1789005649.8308334,6.863012313842773,0.00032198281706727176,6.3016766381984e-05,-2.948187367571771,3.154230407919475e-15,-1.6967077568549508e-06,0,1,0.0,0.0,-37.00770172243938,-18.27815159992315,0.0,0.0,0,0
1789005649.8808327,6.91301155090332,0.00032198281707528385,6.30167663831717e-05,-2.9481874342571803,3.1555708829166838e-15,-1.6999590499668085e-06,0,1,0.0,0.0,-37.00770172243938,-18.27815159992315,0.0,0.0,0,0
1789005649.9308848,6.963063716888428,0.00032198281707512876,6.301676638314131e-05,-2.9481876618573835,3.155058831644668e-15,-1.7363186068499323e-06,0,1,0.0,0.0,-37.00770172243938,-18.27815159992315,0.0,0.0,0,0
1789005649.9808352,7.013014078140259,0.0003219828170831583,6.301676638433164e-05,-2.948187892057397,3.1543063254078873e-15,-1.7923818756794055e-06,0,1,0.0,0.0,-37.00770172243938,-18.27815159992315,0.0,0.0,0,0
1789005650.030866,7.063044786453247,0.00032198281708300326,6.301676638430128e-05,-2.9481880893420005,3.1538360631511407e-15,-1.8540556080652953e-06,0,1,0.0,0.0,-37.00770172243938,-18.27815159992315,0.0,0.0,0,0
1789005650.0810616,7.113240480422974,0.0003219828170910503,6.301676638549418e-05,-2.9481883022185746,3.1532127944267637e-15,-1.93383162984108e-06,0,1,0.0,0.0,-37.00770172243938,-18.27815159992315,0.0,0.0,0,0
1789005650.1315022,7.1636810302734375,0.00032198281709089403,6.301676638546356e-05,-2.9481884700869965,3.15296569222787e-15,-2.0040989728761053e-06,0,1,0.0,0.0,-37.00770172243938,-18.27815159992315,0.0,0.0,0,0
1789005650.18218,7.214358806610107,0.00032198281709895784,6.301676638665888e-05,-2.9481886137449727,3.1525045042789226e-15,-2.0640421153421133e-06,0,1,0.0,0.0,-37.00770172243938,-18.27815159992315,0.0,0.0,0,0
1789005650.2327971,7.2649760246276855,0.0003219828170988011,6.301676638662819e-05,-2.948188733013248,3.1523114122041463e-15,-2.112218052241143e-06,0,1,0.0,0.0,-37.00770172243938,-18.27815159992315,0.0,0.0,0,0
1789005650.283623,7.3158018589019775,0.0003219828171068835,6.301676638782626e-05,-2.948187487910542,3.1518863420940615e-15,-1.8261912898611892e-06,0,1,0.0,0.0,-37.00770172243938,-18.27815159992315,0.0,0.0,0,0
1789005650.3340914,7.366270303726196,0.0003219828171067273,6.301676638779567e-05,-2.948187870712591,3.151690799919993e-15,-1.7346687825746413e-06,0,1,0.0,0.0,-37.00770172243938,-18.27815159992315,0.0,0.0,0,0
1789005650.3846943,7.416873216629028,0.00032198281711482807,6.301676638899653e-05,-2.9481881976960556,3.1511790992894196e-15,-1.7131580683760438e-06,0,1,0.0,0.0,-37.00770172243938,-18.27815159992315,0.0,0.0,0,0
1789005650.4352775,7.467456340789795,0.0003219828171146716,6.301676638896589e-05,-2.94818847124518,3.1510297587579605e-15,-1.7296665257309455e-06,0,1,0.0,0.0,-37.00770172243938,-18.27815159992315,0.0,0.0,0,0
1789005650.4861403,7.518319129943848,0.00032198281712278746,6.301676639016895e-05,-2.9481870588795505,3.150603660501388e-15,-1.3655457644810835e-06,0,1,0.0,0.0,-37.00770172243938,-18.27815159992315,0.0,0.0,0,0
1789005650.536595,7.568773984909058,0.00032198281712263145,6.30167663901384e-05,-2.9481865181787765,3.150396366746398e-15,-1.0117175988633424e-06,0,1,0.0,0.0,-37.00770172243938,-18.27815159992315,0.0,0.0,0,0
1789005650.5871854,7.619364261627197,0.00032198281713076584,6.30167663913443e-05,-2.948186039184081,3.1535811702078763e-15,-7.977219561234217e-07,0,1,0.0,0.0,-37.00770172243938,-18.27815159992315,0.0,0.0,0,0
1789005650.6379821,7.670161008834839,0.0003219828171306089,6.301676639131356e-05,-2.948183144599005,3.1497813447032536e-15,3.033150682554315e-07,0,1,0.0,0.0,-37.00770172243938,-18.27815159992315,0.0,0.0,0,0
1789005650.6885278,7.7207067012786865,0.00032198281713876096,6.301676639252207e-05,-2.9481808812370547,3.1531438854681462e-15,8.93520982372915e-07,0,1,0.0,0.0,-37.00770172243938,-18.27815159992315,0.0,0.0,0,0
1789005650.7391732,7.771352052688599,0.00032198281713860456,6.301676639249143e-05,-2.948180052580583,3.1491545559667458e-15,2.415284516292274e-06,0,1,0.0,0.0,-37.00770172243938,-18.27815159992315,0.0,0.0,0,0
1789005650.7897577,7.82193660736084,0.0003219828171467742,6.301676639370258e-05,-2.948179359816089,3.152541742662219e-15,2.9823978992614233e-06,0,1,0.0,0.0,-37.00770172243938,-18.27815159992315,0.0,0.0,0,0
1789005650.8406506,7.872829437255859,0.00032198281714661704,6.30167663936718e-05,-2.9481790831435704,3.1486087974870807e-15,4.118503175562352e-06,0,1,0.0,0.0,-37.00770172243938,-18.27815159992315,0.0,0.0,0,0
1789005650.8910923,7.923271179199219,0.0003219828171548029,6.301676639488537e-05,-2.948179211470256,3.151866442747746e-15,4.538982389190883e-06,0,1,0.0,0.0,-37.00770172243938,-18.27815159992315,0.0,0.0,0,0
1789005650.9416983,7.973877191543579,0.0003219828171546467,6.301676639485477e-05,-2.948180774849248,3.148014321733369e-15,4.745901327602338e-06,0,1,0.0,0.0,-37.00770172243938,-18.27815159992315,0.0,0.0,0,0
1789005650.9925997,8.024778604507446,0.00032198281716285063,6.3016766396071e-05,-2.9481831801231153,3.1512158428926318e-15,4.674455390527673e-06,0,1,0.0,0.0,-37.00770172243938,-18.27815159992315,0.0,0.0,0,0
1789005651.0430872,8.075266122817993,0.00032198281716269483,6.30167663960405e-05,-2.9481827562774385,3.147475975834513e-15,4.019732181561897e-06,0,1,0.0,0.0,-37.00770172243938,-18.27815159992315,0.0,0.0,0,0
1789005651.0808663,8.11304521560669,0.00032198281717095624,6.301676639726718e-05,-2.948182615326753,3.145932429427543e-15,3.8313777717085e-06,0,1,0.0,0.0,-37.00770172243938,-18.27815159992315,0.0,0.0,0,0
1789005651.0936866,8.125865459442139,0.0003219828171709167,6.301676639725944e-05,-2.9481823984754203,3.1462378254641776e-15,3.7421112562483995e-06,0,1,0.0,0.0,-37.00770172243938,-18.27815159992315,0.0,0.0,0,0
1789005651.1443033,8.176482200622559,0.0003219828171707604,6.301676639722882e-05,-2.948180683831084,3.1469455815564123e-15,3.959186281239089e-06,0,1,0.0,0.0,-37.00770172243938,-18.27815159992315,0.0,0.0,0,0
1789005651.1808605,8.21303939819336,0.00032198281717904384,6.301676639845899e-05,-2.94818053227846,3.145520493035166e-15,4.072719812624121e-06,0,1,0.0,0.0,-37.00770172243938,-18.27815159992315,0.0,0.0,0,0
1789005651.195247,8.227425813674927,0.0003219828171789995,6.30167663984503e-05,-2.9481784236024877,3.1458952256569576e-15,4.568170287680355e-06,0,1,0.0,0.0,-37.00770172243938,-18.27815159992315,0.0,0.0,0,0
1789005651.2457182,8.277897119522095,0.0003219828171788437,6.301676639841978e-05,-2.948177810716392,3.146443662808816e-15,5.062792228330704e-06,0,1,0.0,0.0,-37.00770172243938,-18.27815159992315,0.0,0.0,0,0
1789005651.2808352,8.313014030456543,0.0003219828171871503,6.30167663996536e-05,-2.9481776146930794,3.1451392036611502e-15,5.375612753579621e-06,0,1,0.0,0.0,-37.00770172243938,-18.27815159992315,0.0,0.0,0,0
1789005651.2963624,8.328541278839111,0.00032198281718710245,6.301676639964422e-05,-2.948177260754624,3.1455190772604502e-15,5.658882246568884e-06,0,1,0.0,0.0,-37.00770172243938,-18.27815159992315,0.0,0.0,0,0
1789005651.3470776,8.3792564868927,0.0003219828171869459,6.301676639961355e-05,-2.9481777193314347,3.1459586412782073e-15,5.795004395014269e-06,0,1,0.0,0.0,-37.00770172243938,-18.27815159992315,0.0,0.0,0,0
1789005651.3808336,8.413012504577637,0.0003219828171952733,6.301676640085067e-05,-2.948177517613209,3.1448252778512497e-15,5.8976522553272575e-06,0,1,0.0,0.0,-37.00770172243938,-18.27815159992315,0.0,0.0,0,0
1789005651.3980145,8.430193424224854,0.00032198281719522036,6.30167664008403e-05,-2.9481785605941098,3.145186876301164e-15,5.8023217758432105e-06,0,1,0.0,0.0,-37.00770172243938,-18.27815159992315,0.0,0.0,0,0
1789005651.4484785,8.48065733909607,0.00032198281719506466,6.301676640080981e-05,-2.948178148533032,3.1475671573554177e-15,5.757380776103e-06,0,1,0.0,0.0,-37.00770172243938,-18.27815159992315,0.0,0.0,0,0
1789005651.480888,8.51306676864624,0.00032198281720341275,6.30167664020502e-05,-2.94817796263398,3.1445554009633916e-15,5.747116483255555e-06,0,1,0.0,0.0,-37.00770172243938,-18.27815159992315,0.0,0.0,0,0
1789005651.4991195,8.531298398971558,0.00032198281720335653,6.30167664020392e-05,-2.9481778050469223,3.1448455106995195e-15,5.761617164039902e-06,0,1,0.0,0.0,-37.00770172243938,-18.27815159992315,0.0,0.0,0,0
1789005651.5499296,8.582108497619629,0.0003219828172031998,6.301676640200849e-05,-2.9481756195254274,3.1466793949882974e-15,5.813431523439251e-06,0,1,0.0,0.0,-37.00770172243938,-18.27815159992315,0.0,0.0,0,0
1789005651.5809112,8.61309003829956,0.0003219828172115704,6.301676640325246e-05,-2.9481754047714737,3.1442954821428806e-15,6.383679997017843e-06,0,1,0.0,0.0,-37.00770172243938,-18.27815159992315,0.0,0.0,0,0
1789005651.6004732,8.632652044296265,0.0003219828172115101,6.301676640324064e-05,-2.9481746275117966,3.1445190228152153e-15,6.6939331348474324e-06,0,1,0.0,0.0,-37.00770172243938,-18.27815159992315,0.0,0.0,0,0
1789005651.6512337,8.683412551879883,0.0003219828172113535,6.301676640320999e-05,-2.9481767665824496,3.1457738099099534e-15,6.861399807298997e-06,0,1,0.0,0.0,-37.00770172243938,-18.27815159992315,0.0,0.0,0,0
1789005651.6808286,8.71300745010376,0.00032198281721974544,6.301676640445731e-05,-2.9481765820701664,3.1440789607982304e-15,6.576255417050377e-06,0,1,0.0,0.0,-37.00770172243938,-18.27815159992315,0.0,0.0,0,0
1789005651.70183,8.7340087890625,0.00032198281721968066,6.301676640444462e-05,-2.9481786277497575,3.144212612776241e-15,6.132270709399894e-06,0,1,0.0,0.0,-37.00770172243938,-18.27815159992315,0.0,0.0,0,0
1789005651.7526238,8.784802675247192,0.000321982817219524,6.301676640441394e-05,-2.9481882553282435,3.1448973349553674e-15,5.620113234237554e-06,0,1,0.0,0.0,-37.00770172243938,-18.27815159992315,0.0,0.0,0,0
1789005651.7808337,8.813012599945068,0.0003219828172279379,6.301676640566474e-05,-2.9481882854926624,3.1438792575648383e-15,2.379478606805136e-06,0,1,0.0,0.0,-37.00770172243938,-18.27815159992315,0.0,0.0,0,0
1789005651.8030853,8.835264205932617,0.00032198281722786926,6.30167664056513e-05,-2.9481919262723237,3.143914102395271e-15,6.20790664586878e-07,0,1,0.0,0.0,-37.00770172243938,-18.27815159992315,0.0,0.0,0,0
1789005651.8541043,8.886283159255981,0.0003219828172277119,6.301676640562047e-05,-2.9481976622539943,3.1440363772693457e-15,-7.382604414107525e-07,0,1,0.0,0.0,-37.00770172243938,-18.27815159992315,0.0,0.0,0,0
1789005651.8808331,8.913012027740479,0.00032198281723614807,6.301676640687481e-05,-2.9481978914932983,3.143703724914449e-15,-4.054334278147826e-06,0,1,0.0,0.0,-37.00770172243938,-18.27815159992315,0.0,0.0,0,0
1789005651.9047184,8.936897277832031,0.0003219828172360744,6.301676640686037e-05,-2.9482027865507408,3.1436282346809406e-15,-6.131547440734438e-06,0,1,0.0,0.0,-37.00770172243938,-18.27815159992315,0.0,0.0,0,0
1789005651.9555159,8.98769474029541,0.00032198281723591767,6.301676640682969e-05,-2.9482104010665187,3.143191911959793e-15,-7.720197688695743e-06,0,1,0.0,0.0,-37.00770172243938,-18.27815159992315,0.0,0.0,0,0
1789005651.9808939,9.013072729110718,0.00032198281724437564,6.301676640808749e-05,-2.9482108724189393,3.1435480973835534e-15,-1.2597159406353185e-05,0,1,0.0,0.0,-37.00770172243938,-18.27815159992315,0.0,0.0,0,0
1789005652.0059493,9.038128137588501,0.00032198281724429834,6.301676640807235e-05,-2.9482137629805685,3.1433571133261145e-15,-1.4862394406768896e-05,0,1,0.0,0.0,-37.00770172243938,-18.27815159992315,0.0,0.0,0,0
1789005652.0565689,9.08874773979187,0.0003219828172441421,6.301676640804176e-05,-2.948216203641475,3.142382689983063e-15,-1.6468605944041117e-05,0,1,0.0,0.0,-37.00770172243938,-18.27815159992315,0.0,0.0,0,0
1789005652.0808506,9.113029479980469,0.00032198281725262105,6.301676640930284e-05,-2.948216788832609,3.143412059144394e-15,-1.947442384277517e-05,0,1,0.0,0.0,-37.00770172243938,-18.27815159992315,0.0,0.0,0,0
1789005652.1074097,9.139588594436646,0.0003219828172525391,6.301676640928679e-05,-2.9482203730695447,3.1430824942896632e-15,-2.0982949534379106e-05,0,1,0.0,0.0,-37.00770172243938,-18.27815159992315,0.0,0.0,0,0
1789005652.157838,9.190016984939575,0.00032198281725238345,6.301676640925631e-05,-2.948223136501101,3.141610550872714e-15,-2.350614079870003e-05,0,1,0.0,0.0,-37.00770172243938,-18.27815159992315,0.0,0.0,0,0
1789005652.1808343,9.213013172149658,0.00032198281726088403,6.30167664105208e-05,-2.94822381807614,3.14329445783553e-15,-2.603350332514487e-05,0,1,0.0,0.0,-37.00770172243938,-18.27815159992315,0.0,0.0,0,0
1789005652.2083902,9.240569114685059,0.0003219828172607991,6.301676641050417e-05,-2.9482255887639273,3.1407349773628277e-15,-2.605604710722411e-05,0,1,0.0,0.0,-37.00770172243938,-18.27815159992315,0.0,0.0,0,0
1789005652.2589724,9.291151285171509,0.000321982817260643,6.30167664104736e-05,-2.948226114558871,3.1408626963234915e-15,-2.825623792598778e-05,0,1,0.0,0.0,-37.00770172243938,-18.27815159992315,0.0,0.0,0,0
1789005652.280923,9.313101768493652,0.0003219828172691644,6.301676641174136e-05,-2.9482268227780883,3.143185954326999e-15,-2.9737997221360423e-05,0,1,0.0,0.0,-37.00770172243938,-18.27815159992315,0.0,0.0,0,0
1789005652.3098001,9.341979026794434,0.0003219828172690754,6.301676641172393e-05,-2.9482269728322135,3.139975192911973e-15,-2.9722310991083604e-05,0,1,0.0,0.0,-37.00770172243938,-18.27815159992315,0.0,0.0,0,0
1789005652.3309047,9.363083600997925,0.0003219828172690102,6.301676641171116e-05,-2.9482276775662735,3.143243538641865e-15,-3.1181776463995034e-05,0,1,0.0,0.0,-37.00770172243938,-18.27815159992315,0.0,0.0,0,0
1789005652.3808358,9.413014650344849,0.0003219828172774626,6.301676641296461e-05,-2.9482293842092213,3.143095931740411e-15,-3.230506457000017e-05,0,1,0.0,0.0,-37.00770172243938,-18.27815159992315,0.0,0.0,0,0
1789005652.4108357,9.44301462173462,0.00032198281727737014,6.30167664129465e-05,-2.948230116901061,3.139274570743193e-15,-3.229955024593889e-05,0,1,0.0,0.0,-37.00770172243938,-18.27815159992315,0.0,0.0,0,0
1789005652.4308338,9.4630126953125,0.00032198281727730834,6.30167664129344e-05,-2.9482308128045616,3.1431570169240118e-15,-3.315016552293795e-05,0,1,0.0,0.0,-37.00770172243938,-18.27815159992315,0.0,0.0,0,0
1789005652.4808345,9.513013362884521,0.000321982817285777,6.301676641419024e-05,-2.948234419049837,3.1430223020555703e-15,-3.470974965729751e-05,0,1,0.0,0.0,-37.00770172243938,-18.27815159992315,0.0,0.0,0,0
1789005652.5124674,9.544646263122559,0.00032198281728567946,6.301676641417115e-05,-2.948236597921784,3.1385483256824227e-15,-3.473581843487998e-05,0,1,0.0,0.0,-37.00770172243938,-18.27815159992315,0.0,0.0,0,0
1789005652.5308802,9.563059091567993,0.0003219828172856226,6.301676641416001e-05,-2.9482373129979313,3.1430848336749418e-15,-3.6072326114244024e-05,0,1,0.0,0.0,-37.00770172243938,-18.27815159992315,0.0,0.0,0,0
1789005652.5808835,9.613062381744385,0.00032198281729410875,6.301676641541848e-05,-2.9482397761310537,3.142957325684945e-15,-3.7219037115583865e-05,0,1,0.0,0.0,-37.00770172243938,-18.27815159992315,0.0,0.0,0,0
1789005652.6144862,9.646665096282959,0.0003219828172940052,6.301676641539821e-05,-2.948241157148239,3.1377927348453517e-15,-3.722212568786109e-05,0,1,0.0,0.0,-37.00770172243938,-18.27815159992315,0.0,0.0,0,0
1789005652.6445253,9.676704168319702,0.00032198281730256835,6.301676641667103e-05,-2.9482423394641155,3.1402473638879737e-15,-3.8127267542517514e-05,0,1,0.0,0.0,-37.00770172243938,-18.27815159992315,0.0,0.0,0,0
1789005652.6808662,9.713045120239258,0.00032198281730245614,6.301676641664907e-05,-2.9482420416323527,3.14291326607481e-15,-3.8580308317881717e-05,0,1,0.0,0.0,-37.00770172243938,-18.27815159992315,0.0,0.0,0,0
1789005652.7159555,9.74813437461853,0.00032198281730234804,6.301676641662788e-05,-2.9482424264840823,3.1371568684620514e-15,-3.855676771079321e-05,0,1,0.0,0.0,-37.00770172243938,-18.27815159992315,0.0,0.0,0,0
1789005652.730823,9.763001918792725,0.000321982817302302,6.301676641661888e-05,-2.9482430086481926,3.1429770659833248e-15,-3.872225308304447e-05,0,1,0.0,0.0,-37.00770172243938,-18.27815159992315,0.0,0.0,0,0
1789005652.7808337,9.813012599945068,0.0003219828173108228,6.301676641788254e-05,-2.948251527018224,3.1428589794095066e-15,-4.0716555393098713e-05,0,1,0.0,0.0,-37.00770172243938,-18.27815159992315,0.0,0.0,0,0
1789005652.8172233,9.84940218925476,0.0003219828173107107,6.30167664178606e-05,-2.948258044801256,3.136549024295531e-15,-4.083654210142764e-05,0,1,0.0,0.0,-37.00770172243938,-18.27815159992315,0.0,0.0,0,0
1789005652.8308403,9.863019227981567,0.00032198281731066853,6.301676641785235e-05,-2.948258738803639,3.1429324790741486e-15,-4.334286694326034e-05,0,1,0.0,0.0,-37.00770172243938,-18.27815159992315,0.0,0.0,0,0
1789005652.8808167,9.91299557685852,0.00032198281731920614,6.301676641911849e-05,-2.9482827689479696,3.1426809611347475e-15,-4.924242836079229e-05,0,1,0.0,0.0,-37.00770172243938,-18.27815159992315,0.0,0.0,0,0
1789005652.9185348,9.950713634490967,0.0003219828173190899,6.301676641909574e-05,-2.948292025187615,3.1358327220912015e-15,-4.9471878744472676e-05,0,1,0.0,0.0,-37.00770172243938,-18.27815159992315,0.0,0.0,0,0
1789005652.9309125,9.963091373443604,0.00032198281731905153,6.301676641908824e-05,-2.948293129528459,3.142894680724249e-15,-5.82002040694696e-05,0,1,0.0,0.0,-37.00770172243938,-18.27815159992315,0.0,0.0,0,0
1789005652.9809113,10.013090133666992,0.000321982817327607,6.301676642035706e-05,-2.9483087528602048,3.1426300980665815e-15,-6.401326797164501e-05,0,1,0.0,0.0,-37.00770172243938,-18.27815159992315,0.0,0.0,0,0
1789005653.0200531,10.052232027053833,0.00032198281732748646,6.301676642033346e-05,-2.948332223641747,3.1352420538631785e-15,-6.468870856126277e-05,0,1,0.0,0.0,-37.00770172243938,-18.27815159992315,0.0,0.0,0,0
1789005653.0308368,10.063015699386597,0.000321982817327453,6.301676642032691e-05,-2.9483336729792016,3.1428668391963818e-15,-7.922174893752547e-05,0,1,0.0,0.0,-37.00770172243938,-18.27815159992315,0.0,0.0,0,0
1789005653.0809107,10.113089561462402,0.00032198281733602537,6.301676642159822e-05,-2.948347425540143,3.142592604714931e-15,-8.651403782082573e-05,0,1,0.0,0.0,-37.00770172243938,-18.27815159992315,0.0,0.0,0,0
1789005653.121119,10.153297901153564,0.0003219828173359015,6.301676642157397e-05,-2.948358234564285,3.134749198012499e-15,-8.675825826318814e-05,0,1,0.0,0.0,-37.00770172243938,-18.27815159992315,0.0,0.0,0,0
1789005653.130832,10.163010835647583,0.00032198281733587136,6.301676642156808e-05,-2.9483597272907875,3.1428410805112633e-15,-9.789462597724879e-05,0,1,0.0,0.0,-37.00770172243938,-18.27815159992315,0.0,0.0,0,0
1789005653.1809113,10.213090181350708,0.0003219828173444616,6.301676642284207e-05,-2.948378722641243,3.142552320522343e-15,-0.0001050845604236361,0,1,0.0,0.0,-37.00770172243938,-18.27815159992315,0.0,0.0,0,0
1789005653.222554,10.254732847213745,0.00032198281734433334,6.301676642281698e-05,-2.9484153790260916,3.1341859226572217e-15,-0.00010613519894629194,0,1,0.0,0.0,-37.00770172243938,-18.27815159992315,0.0,0.0,0,0
1789005653.230882,10.263060808181763,0.0003219828173443074,6.301676642281191e-05,-2.948417295083765,3.1428203841766252e-15,-0.00012677523313212236,0,1,0.0,0.0,-37.00770172243938,-18.27815159992315,0.0,0.0,0,0
1789005653.2808075,10.312986373901367,0.00032198281735291653,6.301676642408877e-05,-2.9484428431451617,3.1425125159292756e-15,-0.00013826332070967197,0,1,0.0,0.0,-37.00770172243938,-18.27815159992315,0.0,0.0,0,0
1789005653.3236222,10.355801105499268,0.00032198281735278464,6.301676642406299e-05,-2.94846353101965,3.1336687134639247e-15,-0.00013875477137567063,0,1,0.0,0.0,-37.00770172243938,-18.27815159992315,0.0,0.0,0,0
1789005653.3309176,10.363096475601196,0.0003219828173527619,6.301676642405856e-05,-2.948465575990299,3.1427984350578026e-15,-0.0001572312138972971,0,1,0.0,0.0,-37.00770172243938,-18.27815159992315,0.0,0.0,0,0
1789005653.3808248,10.41300368309021,0.0003219828173613878,6.301676642533793e-05,-2.9485183237581296,3.1424843556610017e-15,-0.00017587184883900437,0,1,0.0,0.0,-37.00770172243938,-18.27815159992315,0.0,0.0,0,0
1789005653.4248037,10.456982612609863,0.00032198281736125237,6.301676642531146e-05,-2.948538387479048,3.133171361454607e-15,-0.00017629019965769024,0,1,0.0,0.0,-37.00770172243938,-18.27815159992315,0.0,0.0,0,0
1789005653.430919,10.46309781074524,0.0003219828173612333,6.301676642530773e-05,-2.948540802180089,3.1427824630562693e-15,-0.0002016092198159495,0,1,0.0,0.0,-37.00770172243938,-18.27815159992315,0.0,0.0,0,0
1789005653.4808822,10.513061046600342,0.0003219828173698753,6.301676642658952e-05,-2.948560106777696,3.14246088725363e-15,-0.00021314285321583347,0,1,0.0,0.0,-37.00770172243938,-18.27815159992315,0.0,0.0,0,0
1789005653.5260367,10.558215618133545,0.00032198281736973625,6.301676642656233e-05,-2.9485748674709966,3.1326847150298562e-15,-0.00021331344172777325,0,1,0.0,0.0,-37.00770172243938,-18.27815159992315,0.0,0.0,0,0
1789005653.5309098,10.563088655471802,0.000321982817369721,6.301676642655935e-05,-2.948576838284321,3.142771016905094e-15,-0.00023041990733657986,0,1,0.0,0.0,-37.00770172243938,-18.27815159992315,0.0,0.0,0,0
1789005653.5809104,10.613089323043823,0.0003219828173783795,6.301676642784355e-05,-2.948568583734665,3.14243753872096e-15,-0.00023533970662845398,0,1,0.0,0.0,-37.00770172243938,-18.27815159992315,0.0,0.0,0,0
1789005653.630932,10.663110971450806,0.0003219828173782253,6.301676642781338e-05,-2.9485660399931604,3.1427607407364644e-15,-0.00023885263007120036,0,1,0.0,0.0,-37.00770172243938,-18.27815159992315,0.0,0.0,0,0
1789005653.6808333,10.713012218475342,0.00032198281738690215,6.301676642910037e-05,-2.9485631064611497,3.1424050151053175e-15,-0.00023809831699303695,0,1,0.0,0.0,-37.00770172243938,-18.27815159992315,0.0,0.0,0,0
1789005653.7308307,10.763009548187256,0.00032198281738674803,6.301676642907021e-05,-2.9485601155298125,3.142502518394759e-15,-0.00023544028794350507,0,1,0.0,0.0,-37.00770172243938,-18.27815159992315,0.0,0.0,0,0
1789005653.7809129,10.81309175491333,0.00032198281739544203,6.301676643035972e-05,-2.9485707157330583,3.1423599328954355e-15,-0.00023427319760021206,0,1,0.0,0.0,-37.00770172243938,-18.27815159992315,0.0,0.0,0,0
1789005653.8309143,10.863093137741089,0.00032198281739528786,6.301676643032957e-05,-2.948562653519317,3.1424721714233602e-15,-0.00022930007386871411,0,1,0.0,0.0,-37.00770172243938,-18.27815159992315,0.0,0.0,0,0
1789005653.880806,10.912984848022461,0.00032198281740399926,6.30167664316217e-05,-2.9485547060270294,3.1423354965857127e-15,-0.00022215831234900134,0,1,0.0,0.0,-37.00770172243938,-18.27815159992315,0.0,0.0,0,0
1789005653.9318364,10.964015245437622,0.0003219828174038419,6.30167664315909e-05,-2.9485032795719968,3.1423877479078152e-15,-0.0002017426003606673,0,1,0.0,0.0,-37.00770172243938,-18.27815159992315,0.0,0.0,0,0
1789005653.9823997,11.014578580856323,0.0003219828174125692,6.301676643288529e-05,-2.948470710407891,3.1421978488855202e-15,-0.00017927168189619817,0,1,0.0,0.0,-37.00770172243938,-18.27815159992315,0.0,0.0,0,0
1789005654.0331526,11.06533145904541,0.0003219828174124128,6.301676643285466e-05,-2.9484207928860036,3.1422771781211786e-15,-0.00015094320057849628,0,1,0.0,0.0,-37.00770172243938,-18.27815159992315,0.0,0.0,0,0
1789005654.0840204,11.116199254989624,0.0003219828174211559,6.301676643415137e-05,-2.948377010641121,3.1420668839774284e-15,-0.00012008287050271674,0,1,0.0,0.0,-37.00770172243938,-18.27815159992315,0.0,0.0,0,0
