stamp_sec,elapsed_sec,map_x_m,map_y_m
9.650000000,0.010000000,0.064260898,0.012894483
9.800000000,0.160000000,0.295318277,-0.094335660
9.950000000,0.310000000,-0.094311883,-0.087890526
10.050000000,0.410000000,-0.423740185,0.065333088
10.200000000,0.560000000,0.126708866,-0.552164012
10.300000000,0.660000000,0.000116256,0.184731457
10.450000000,0.810000000,-0.506017030,0.018931255
10.550000000,0.910000000,0.933789969,-0.363663000
10.700000000,1.060000000,0.594646772,-0.623465809
10.800000000,1.160000000,-0.031726682,-0.714198166
10.950000000,1.310000000,1.032150681,0.514853470
11.050000000,1.410000000,1.146184980,0.453237795
11.200000000,1.560000000,0.817361932,0.055072811
11.300000000,1.660000000,1.158386330,0.189080716
11.450000000,1.810000000,0.549133445,-0.225386238
11.550000000,1.910000000,0.605674949,0.413639452
11.700000000,2.060000000,0.845412989,-0.339299990
11.800000000,2.160000000,0.509115414,-0.222227969
11.950000000,2.310000000,0.951596818,0.230441500
12.050000000,2.410000000,1.343846179,-0.430789491
12.200000000,2.560000000,1.704348113,-0.363353736
12.300000000,2.660000000,1.600938729,-0.175446183
12.450000000,2.810000000,2.000107799,-0.205328821
12.550000000,2.910000000,1.266443055,-0.190757741
12.700000000,3.060000000,1.759698544,-0.271356167
12.800000000,3.160000000,2.517385662,0.230418467
12.950000000,3.310000000,1.653251715,-0.107070835
13.050000000,3.410000000,2.266151232,0.292278226
13.200000000,3.560000000,2.057592083,0.086462909
13.300000000,3.660000000,2.368818025,0.368197061
13.450000000,3.810000000,2.583243013,0.203689172
13.550000000,3.910000000,3.105074226,0.000830604
13.700000000,4.060000000,2.977451106,-0.220326900
13.800000000,4.160000000,2.874108032,0.156752638
13.950000000,4.310000000,2.981638127,-0.158729999
14.050000000,4.410000000,3.512936037,-0.126640637
14.200000000,4.560000000,3.926211844,-0.208336220
14.300000000,4.660000000,3.913026454,-0.677456118
14.450000000,4.810000000,3.532744310,-0.594446641
14.550000000,4.910000000,3.237033420,-0.231906389
14.700000000,5.060000000,3.437260230,0.143916314
14.800000000,5.160000000,3.287823527,0.267284982
14.950000000,5.310000000,3.981791838,-0.209847819
15.050000000,5.410000000,4.130361435,0.335098782
15.200000000,5.560000000,3.873730233,0.245295458
15.300000000,5.660000000,3.642493868,-0.021088086
15.450000000,5.810000000,4.231932150,0.513213071
15.550000000,5.910000000,4.513640176,0.121400280
15.700000000,6.060000000,4.876678151,0.359392385
15.800000000,6.160000000,4.492685333,0.426413148
15.950000000,6.310000000,5.215538838,-0.500438700
16.050000000,6.410000000,4.736060716,-0.339649361
16.200000000,6.560000000,5.286645220,-0.226850567
16.300000000,6.660000000,4.702526994,0.063362546
16.450000000,6.810000000,4.614291207,-0.341611068
16.550000000,6.910000000,5.277721683,-0.585918136
16.700000000,7.060000000,4.900661041,-0.293551552
16.800000000,7.160000000,4.729808590,0.028637686
16.950000000,7.310000000,5.487890438,-0.128523833
17.050000000,7.410000000,5.918922321,0.565876763
17.200000000,7.560000000,5.902268100,-0.237826174
17.300000000,7.660000000,5.943224336,1.016090037
17.450000000,7.810000000,6.117754383,0.024204213
17.550000000,7.910000000,6.983099094,-0.166189359
17.700000000,8.060000000,6.169853444,0.525880857
17.800000000,8.160000000,6.307112601,0.007008930
17.950000000,8.310000000,6.526111947,0.402409567
18.050000000,8.410000000,6.875915105,0.149317176
18.200000000,8.560000000,7.370136186,0.664056072
18.300000000,8.660000000,7.391653859,0.889341367
18.450000000,8.810000000,6.610725959,0.306438940
18.550000000,8.910000000,7.780283816,0.757360640
18.700000000,9.060000000,7.215378934,0.179602799
18.800000000,9.160000000,7.482298986,0.000075066
18.950000000,9.310000000,7.529844716,-0.133750037
19.050000000,9.410000000,7.568148745,-0.454562997
19.200000000,9.560000000,7.953366530,-0.117140209
19.300000000,9.660000000,8.080373197,-0.280518761
19.450000000,9.810000000,7.672265066,-0.188987273
19.550000000,9.910000000,7.672039876,-0.097239142
19.700000000,10.060000000,7.914514193,-0.131616296
19.800000000,10.160000000,7.631194572,0.485585183
19.950000000,10.310000000,8.358610672,0.318692632
20.050000000,10.410000000,8.534157558,-0.183375916
20.200000000,10.560000000,7.911248054,0.861169221
20.300000000,10.660000000,8.646577095,0.273541380
20.450000000,10.810000000,8.496683645,0.101390769
20.550000000,10.910000000,8.395109201,-0.078887181
20.700000000,11.060000000,9.495890782,0.487596891
20.800000000,11.160000000,9.683008360,0.715881745
20.950000000,11.310000000,8.717581352,0.193325476
21.050000000,11.410000000,8.968921262,-0.162373960
21.200000000,11.560000000,9.339408902,0.369698229
21.300000000,11.660000000,9.406159253,0.130807652
21.450000000,11.810000000,8.977923932,0.049835481
21.550000000,11.910000000,9.536745020,-0.335056776
21.700000000,12.060000000,10.144974742,0.401844593
21.800000000,12.160000000,9.998709239,0.363587731
21.950000000,12.310000000,10.068565502,-0.411299788
22.050000000,12.410000000,10.345146832,-0.195653234
22.200000000,12.560000000,10.686096188,-0.283469191
22.300000000,12.660000000,10.731716735,-0.630863947
22.450000000,12.810000000,10.867791299,-0.112261449
22.550000000,12.910000000,10.712435628,0.484612021
22.700000000,13.060000000,10.681271287,-0.008575960
22.800000000,13.160000000,11.106439392,0.464309656
22.950000000,13.310000000,11.253821445,0.138147991
23.050000000,13.410000000,11.608694483,0.107272474
23.200000000,13.560000000,11.864415947,-0.038525582
23.300000000,13.660000000,11.654614165,0.560873545
23.450000000,13.810000000,11.060112981,0.615769099
23.550000000,13.910000000,11.393140733,0.540925219
23.700000000,14.060000000,11.431169530,-0.028269637
23.800000000,14.160000000,11.223888223,0.207418248
23.950000000,14.310000000,11.833290753,-0.154723504
24.050000000,14.410000000,11.523343052,0.056767365
24.200000000,14.560000000,12.191943380,-0.102533191
24.300000000,14.660000000,11.961462047,0.228255727
24.450000000,14.810000000,13.402690651,-0.368675096
24.550000000,14.910000000,13.045551520,-0.180554924
39.650000000,30.010000000,22.037810159,-1.312217137
39.750000000,30.110000000,22.843232392,-1.262013086
39.850000000,30.210000000,22.975398211,-1.373259705
39.950000000,30.310000000,22.663429187,-1.218104549
40.100000000,30.460000000,22.901970105,-1.823306005
40.200000000,30.560000000,22.757504643,-1.135541975
40.350000000,30.710000000,22.785238528,-1.654188406
40.450000000,30.810000000,23.526993195,-1.961975235
40.600000000,30.960000000,23.388108923,-1.919076771
40.700000000,31.060000000,24.212091640,-2.008737727
40.850000000,31.210000000,23.586481637,-2.581758638
40.950000000,31.310000000,24.590679439,-1.705150539
41.100000000,31.460000000,24.047777944,-1.528194664
41.200000000,31.560000000,23.515679357,-1.717611032
41.350000000,31.710000000,23.283771751,-2.507738992
41.450000000,31.810000000,23.880677243,-2.521920634
41.600000000,31.960000000,24.185357907,-2.002255653
41.700000000,32.060000000,23.858977989,-2.509523303
41.850000000,32.210000000,23.906205293,-2.492451255
41.950000000,32.310000000,24.439288884,-3.088255325
42.100000000,32.460000000,24.885164379,-2.943213430
42.200000000,32.560000000,25.250646850,-3.006678985
42.350000000,32.710000000,24.527077782,-3.237952828
42.450000000,32.810000000,24.712221491,-3.097092122
42.600000000,32.960000000,24.667584412,-2.762088003
42.700000000,33.060000000,24.510848178,-3.099089164
42.850000000,33.210000000,24.559973745,-3.434037584
42.950000000,33.310000000,25.423964240,-3.931631980
43.100000000,33.460000000,26.031741255,-4.153761935
43.200000000,33.560000000,26.095834788,-4.031308977
43.350000000,33.710000000,25.816496140,-3.893675592
43.450000000,33.810000000,25.438724814,-4.112928306
43.600000000,33.960000000,25.555406797,-4.114587459
43.700000000,34.060000000,25.812609669,-4.306992985
43.850000000,34.210000000,25.993042039,-4.045915077
43.950000000,34.310000000,26.811887917,-4.171596338
44.100000000,34.460000000,27.100356065,-4.150757902
44.200000000,34.560000000,26.901280254,-4.795458139
44.350000000,34.710000000,26.266447929,-4.617899437
44.450000000,34.810000000,26.433169462,-4.515513669
44.600000000,34.960000000,26.159386114,-4.134301727
44.700000000,35.060000000,26.327086201,-5.108024294
44.850000000,35.210000000,26.443858003,-4.562756582
44.950000000,35.310000000,27.011171699,-4.880199906
45.100000000,35.460000000,26.633098445,-4.929531528
45.200000000,35.560000000,27.121266882,-4.839167781
45.350000000,35.710000000,26.059174475,-4.980046301
45.450000000,35.810000000,27.284883649,-4.869068957
45.600000000,35.960000000,26.949677472,-4.314078023
45.700000000,36.060000000,27.049989820,-4.421914740
45.850000000,36.210000000,26.449840697,-5.221662475
45.950000000,36.310000000,26.728254152,-5.286918721
46.100000000,36.460000000,27.344524220,-5.281725765
46.200000000,36.560000000,27.148408471,-5.714719371
46.350000000,36.710000000,27.083556321,-6.086009569
46.450000000,36.810000000,26.714869509,-6.173837726
46.600000000,36.960000000,26.882733031,-6.435273656
46.700000000,37.060000000,26.921251285,-6.366339186
46.850000000,37.210000000,27.128952676,-6.889300706
46.950000000,37.310000000,27.278033519,-6.226676375
47.100000000,37.460000000,27.068977933,-6.020630206
47.200000000,37.560000000,27.554707463,-6.831794634
47.350000000,37.710000000,27.554274412,-7.028632739
47.450000000,37.810000000,27.746846104,-6.486599378
47.600000000,37.960000000,27.615123850,-7.597335406
47.700000000,38.060000000,27.372365471,-7.399754897
47.850000000,38.210000000,26.755463824,-6.917231341
47.950000000,38.310000000,26.906565268,-7.209436332
48.100000000,38.460000000,27.294472280,-7.878814268
48.200000000,38.560000000,28.010517992,-7.780981104
48.350000000,38.710000000,27.468282448,-7.883839590
48.450000000,38.810000000,27.755806165,-7.500700839
48.600000000,38.960000000,28.024208484,-7.078571046
48.700000000,39.060000000,27.898023729,-7.284112643
48.850000000,39.210000000,27.409941076,-7.905624147
48.950000000,39.310000000,27.615403669,-8.663770167
49.100000000,39.460000000,28.354900868,-8.911099768
49.200000000,39.560000000,28.373361228,-8.758076333
49.350000000,39.710000000,28.383684745,-8.049365356
49.450000000,39.810000000,28.560270412,-8.482737054
49.600000000,39.960000000,28.356579389,-8.771689299
49.700000000,40.060000000,27.857366688,-8.536226267
49.850000000,40.210000000,28.159917657,-9.039244872
49.950000000,40.310000000,27.594519795,-8.240484133
50.100000000,40.460000000,28.147353351,-7.934238693
50.200000000,40.560000000,27.830536858,-8.277560862
50.350000000,40.710000000,28.389711260,-9.585992695
50.450000000,40.810000000,28.183263270,-8.899701230
50.600000000,40.960000000,28.135564689,-9.505147696
50.700000000,41.060000000,27.673362635,-9.467151783
50.850000000,41.210000000,28.033107087,-9.371668282
50.950000000,41.310000000,27.657869948,-9.368722901
51.100000000,41.460000000,27.778148943,-10.012724968
51.200000000,41.560000000,27.509130241,-10.306375089
51.350000000,41.710000000,28.848416466,-10.478234650
51.450000000,41.810000000,28.070098591,-10.613734556
51.600000000,41.960000000,29.088075322,-10.286200715
51.700000000,42.060000000,29.016288380,-10.928220016
51.850000000,42.210000000,29.140167175,-10.396781981
51.950000000,42.310000000,29.023252983,-10.934099139
52.100000000,42.460000000,29.628743186,-11.033061280
52.200000000,42.560000000,28.952220552,-11.041658808
52.350000000,42.710000000,28.476633009,-11.077936043
52.450000000,42.810000000,28.688965374,-10.718627525
52.600000000,42.960000000,28.963244172,-10.879081211
52.700000000,43.060000000,29.074053080,-11.195683553
52.850000000,43.210000000,28.794430285,-11.489658586
52.950000000,43.310000000,28.980038529,-11.633919979
53.100000000,43.460000000,29.188939179,-11.464961887
53.200000000,43.560000000,29.470790616,-11.782800695
53.350000000,43.710000000,29.365104472,-11.950220276
53.450000000,43.810000000,28.937834969,-11.711953759
53.600000000,43.960000000,29.292440882,-11.853472173
53.700000000,44.060000000,29.623879361,-12.556977858
53.850000000,44.210000000,29.962680879,-12.098906998
53.950000000,44.310000000,28.845896516,-12.303939938
54.100000000,44.460000000,29.325434029,-12.253872556
54.200000000,44.560000000,28.845692622,-11.836373636
54.350000000,44.710000000,29.249529259,-12.252611232
54.450000000,44.810000000,29.331704445,-12.071601295
54.600000000,44.960000000,30.002463559,-12.581428026
69.650000000,60.010000000,32.155322467,-21.904848798
69.800000000,60.160000000,32.829727828,-22.381146393
69.900000000,60.260000000,32.282805696,-22.558539264
70.050000000,60.410000000,32.135605337,-22.861714005
70.150000000,60.510000000,32.201750224,-23.012591299
70.300000000,60.660000000,33.175707825,-23.549733999
70.400000000,60.760000000,32.717763538,-23.455599450
70.550000000,60.910000000,31.947214665,-22.347163799
70.650000000,61.010000000,31.873567964,-22.542680644
70.800000000,61.160000000,33.071927571,-23.503743923
70.900000000,61.260000000,32.877002038,-22.991730546
71.050000000,61.410000000,31.883940474,-23.585684575
71.150000000,61.510000000,32.452927174,-23.130371453
71.300000000,61.660000000,32.638991966,-22.695898884
71.400000000,61.760000000,32.811045623,-22.921313560
71.550000000,61.910000000,32.091353818,-23.532066343
71.650000000,62.010000000,32.458299926,-23.388773733
71.800000000,62.160000000,31.697357734,-23.805043241
71.900000000,62.260000000,31.786001052,-23.802793558
72.050000000,62.410000000,32.973131367,-24.200151940
72.150000000,62.510000000,32.720297650,-24.065619507
72.300000000,62.660000000,32.309415467,-24.370300271
72.400000000,62.760000000,31.926244006,-23.696334743
72.550000000,62.910000000,31.581582734,-24.141811850
72.650000000,63.010000000,32.327659798,-24.262953603
72.800000000,63.160000000,32.289902177,-24.712981301
72.900000000,63.260000000,31.276290152,-23.882205490
73.050000000,63.410000000,31.732242367,-25.111157888
73.150000000,63.510000000,31.977173676,-24.816517039
73.300000000,63.660000000,32.275180209,-24.099565883
73.400000000,63.760000000,31.428523707,-24.351681049
73.550000000,63.910000000,31.415890994,-24.386520861
73.650000000,64.010000000,31.987453199,-24.587178581
73.800000000,64.160000000,32.164717492,-25.173084581
73.900000000,64.260000000,31.491887132,-25.726306459
74.050000000,64.410000000,31.488146555,-25.440816277
74.150000000,64.510000000,31.153014596,-25.243473652
74.300000000,64.660000000,30.761392093,-25.335204548
74.400000000,64.760000000,31.099783116,-25.739476439
74.550000000,64.910000000,31.410552053,-25.371035120
74.650000000,65.010000000,30.733350510,-25.389685148
74.800000000,65.160000000,30.784455253,-25.989405267
74.900000000,65.260000000,30.122414343,-26.216455223
75.050000000,65.410000000,30.962311134,-26.512681188
75.150000000,65.510000000,30.882237641,-25.731913460
75.300000000,65.660000000,31.094484658,-26.464243713
75.400000000,65.760000000,30.125447457,-26.363481313
75.550000000,65.910000000,30.349264881,-25.929245505
75.650000000,66.010000000,30.540533474,-26.902476089
75.800000000,66.160000000,29.974871197,-26.337799476
75.900000000,66.260000000,30.364551747,-26.069145594
76.050000000,66.410000000,31.072501700,-25.965179047
76.150000000,66.510000000,30.680399160,-26.261879695
76.300000000,66.660000000,30.098958855,-26.591939365
76.400000000,66.760000000,30.105349368,-26.568319404
76.550000000,66.910000000,30.214627664,-26.765921514
76.650000000,67.010000000,29.947308502,-26.881319917
76.800000000,67.160000000,29.531301137,-26.821743835
76.900000000,67.260000000,29.005682058,-27.600465247
77.050000000,67.410000000,28.820491849,-27.288132811
77.150000000,67.510000000,29.064746756,-26.778424441
77.300000000,67.660000000,29.154899299,-26.960332976
77.400000000,67.760000000,28.526414838,-27.024265203
77.550000000,67.910000000,28.746650407,-27.427187378
77.650000000,68.010000000,28.472560289,-27.546125947
77.800000000,68.160000000,28.988585766,-27.517154406
77.900000000,68.260000000,29.423136099,-27.369852853
78.050000000,68.410000000,28.769494225,-27.856491449
78.150000000,68.510000000,28.807232929,-27.903059258
78.300000000,68.660000000,28.946129759,-27.197585595
78.400000000,68.760000000,28.995718245,-28.263354323
78.550000000,68.910000000,28.611413020,-28.262055161
78.650000000,69.010000000,28.776006620,-28.122781466
78.800000000,69.160000000,28.684909855,-27.475409598
78.900000000,69.260000000,28.232519263,-26.892952221
79.050000000,69.410000000,27.788958085,-27.539805978
79.150000000,69.510000000,27.715086636,-27.992361604
79.300000000,69.660000000,28.327235132,-28.013309207
79.400000000,69.760000000,28.346847489,-28.670438145
79.550000000,69.910000000,27.496277370,-28.561805575
79.650000000,70.010000000,27.231591462,-29.062962967
79.800000000,70.160000000,27.853824709,-28.655118096
79.900000000,70.260000000,27.745088619,-29.043692423
80.050000000,70.410000000,27.899210242,-28.897635650
80.150000000,70.510000000,27.713616837,-28.667697843
80.300000000,70.660000000,27.546530222,-28.588529717
80.400000000,70.760000000,27.651818650,-29.063207921
80.550000000,70.910000000,27.007072499,-29.286855599
80.650000000,71.010000000,27.198430971,-29.489872593
80.800000000,71.160000000,27.064297601,-29.423376711
80.900000000,71.260000000,26.954581685,-29.116411134
81.050000000,71.410000000,26.925587492,-29.834880468
81.150000000,71.510000000,27.050945970,-29.438226714
81.300000000,71.660000000,26.432852754,-29.286142223
81.400000000,71.760000000,25.943236519,-29.301662714
81.550000000,71.910000000,26.073409619,-29.655843413
81.650000000,72.010000000,26.125819686,-29.011150938
81.800000000,72.160000000,26.214242962,-29.783191212
81.900000000,72.260000000,26.250600611,-29.964207607
82.050000000,72.410000000,25.602258740,-30.243198609
82.150000000,72.510000000,26.535426852,-30.117820700
82.300000000,72.660000000,25.992457495,-30.652960562
82.400000000,72.760000000,25.054242132,-29.899180098
82.550000000,72.910000000,25.573956731,-29.750958107
82.650000000,73.010000000,25.324650130,-29.956386613
82.800000000,73.160000000,25.785934624,-30.487870133
82.900000000,73.260000000,25.742452356,-30.982154125
83.050000000,73.410000000,26.722002446,-30.666949553
83.150000000,73.510000000,26.217698729,-30.344825227
83.300000000,73.660000000,25.982301111,-30.843280375
83.400000000,73.760000000,26.320615970,-30.716896857
83.550000000,73.910000000,24.684362756,-31.297534385
83.650000000,74.010000000,25.001432182,-31.299505570
83.800000000,74.160000000,25.324443134,-30.773161823
83.900000000,74.260000000,25.287180860,-30.191476105
84.050000000,74.410000000,24.853414620,-31.579708265
84.150000000,74.510000000,24.286275235,-31.508190801
84.300000000,74.660000000,24.223540272,-31.445051612
84.400000000,74.760000000,24.941181581,-30.825299709
84.550000000,74.910000000,24.423459641,-30.677153449
99.650000000,90.010000000,16.410893407,-37.777805656
99.800000000,90.160000000,16.745456561,-38.092887955
99.900000000,90.260000000,17.452409225,-38.006876950
100.050000000,90.410000000,16.635173441,-37.992595341
100.150000000,90.510000000,16.461833735,-37.842709766
100.300000000,90.660000000,16.577017556,-37.847043816
100.400000000,90.760000000,17.079920502,-38.302923447
100.550000000,90.910000000,16.544219315,-38.149511580
100.650000000,91.010000000,16.268564031,-37.861974464
100.800000000,91.160000000,17.162680287,-37.935807312
100.900000000,91.260000000,16.540238634,-38.530853981
101.050000000,91.410000000,15.899859407,-38.035394231
101.150000000,91.510000000,16.060853269,-38.012163305
101.300000000,91.660000000,16.540566941,-37.841236326
101.400000000,91.760000000,16.580898604,-37.874890861
101.550000000,91.910000000,15.627858923,-37.676991141
101.650000000,92.010000000,16.275414065,-38.443447077
101.800000000,92.160000000,16.113896221,-38.276416699
101.900000000,92.260000000,16.561407378,-38.089308133
102.050000000,92.410000000,16.068721760,-38.341302948
102.150000000,92.510000000,16.680158111,-37.682824170
102.300000000,92.660000000,15.776322510,-38.465711788
102.400000000,92.760000000,16.387478775,-38.363387070
102.550000000,92.910000000,15.047361384,-37.829005281
102.650000000,93.010000000,15.768539734,-37.975456914
102.800000000,93.160000000,15.516312727,-37.658973754
102.900000000,93.260000000,15.538588161,-37.719796521
103.050000000,93.410000000,15.494163256,-37.765046721
103.150000000,93.510000000,15.834517564,-37.000431646
103.300000000,93.660000000,15.544477065,-37.243574169
103.400000000,93.760000000,15.832085306,-37.426139249
103.550000000,93.910000000,15.156731025,-38.027555000
103.650000000,94.010000000,15.548058961,-37.981917762
103.800000000,94.160000000,14.948223922,-37.759877781
103.900000000,94.260000000,14.553729392,-36.729935480
104.050000000,94.410000000,14.198211780,-37.471874743
104.150000000,94.510000000,14.419068303,-37.113814545
104.300000000,94.660000000,14.593034908,-37.888218223
104.400000000,94.760000000,14.389122050,-37.320636786
104.550000000,94.910000000,13.770737956,-38.010895982
104.650000000,95.010000000,13.383034481,-37.545274463
104.800000000,95.160000000,14.667354647,-37.648927988
104.900000000,95.260000000,14.717581911,-37.649560716
105.050000000,95.410000000,13.875327351,-38.346920141
105.150000000,95.510000000,13.404139813,-37.591842976
105.300000000,95.660000000,13.356015662,-37.431313626
105.400000000,95.760000000,13.897338696,-37.997935797
105.550000000,95.910000000,13.484851614,-37.852498191
105.650000000,96.010000000,12.721452361,-37.805765191
105.800000000,96.160000000,12.791376482,-37.901241982
105.900000000,96.260000000,12.795113786,-37.615986863
106.050000000,96.410000000,13.612436825,-37.491804069
106.150000000,96.510000000,12.956803845,-37.460764250
106.300000000,96.660000000,13.278791172,-37.546748267
106.400000000,96.760000000,13.246533648,-37.271758321
106.550000000,96.910000000,13.552576167,-37.536285704
106.650000000,97.010000000,12.783705596,-37.127179836
106.800000000,97.160000000,12.644989826,-37.623633722
106.900000000,97.260000000,12.843360195,-36.641531174
107.050000000,97.410000000,12.532663111,-36.722149120
107.150000000,97.510000000,12.577068925,-37.378947568
107.300000000,97.660000000,11.995244531,-37.379435251
107.400000000,97.760000000,12.353750444,-37.019376642
107.550000000,97.910000000,12.343643955,-37.105122089
107.650000000,98.010000000,12.350601845,-37.361114522
107.800000000,98.160000000,11.701626290,-37.570744463
107.900000000,98.260000000,11.827487163,-37.321130257
108.050000000,98.410000000,11.730953991,-37.155821726
108.150000000,98.510000000,11.944241624,-37.394439842
108.300000000,98.660000000,10.849495933,-36.699800637
108.400000000,98.760000000,11.061978860,-36.885619431
108.550000000,98.910000000,10.998029296,-37.051823903
108.650000000,99.010000000,10.260728731,-36.256206272
108.800000000,99.160000000,11.329527946,-35.929714561
108.900000000,99.260000000,10.545815731,-36.772612927
109.050000000,99.410000000,10.358198450,-35.985356744
109.150000000,99.510000000,10.303644614,-36.479864372
109.300000000,99.660000000,9.530421720,-36.697579765
109.400000000,99.760000000,10.032991177,-36.646570913
109.550000000,99.910000000,10.095207591,-36.260769909
109.650000000,100.010000000,10.604708113,-37.187791505
109.800000000,100.160000000,10.106170044,-36.950591728
109.900000000,100.260000000,9.742078709,-36.256263054
110.050000000,100.410000000,9.092937694,-36.943658306
110.150000000,100.510000000,9.604808022,-37.611260159
110.300000000,100.660000000,9.691498449,-37.421357837
110.400000000,100.760000000,9.267796707,-36.958732661
110.550000000,100.910000000,8.981595423,-36.814948973
110.650000000,101.010000000,9.242487443,-36.249714131
110.800000000,101.160000000,9.372776793,-36.962650698
110.900000000,101.260000000,9.088896206,-36.379496612
111.050000000,101.410000000,8.425920967,-36.823520535
111.150000000,101.510000000,8.800577012,-36.273520437
111.300000000,101.660000000,8.175935529,-35.893018927
111.400000000,101.760000000,8.536367552,-36.509524464
111.550000000,101.910000000,7.958796700,-35.474144979
111.650000000,102.010000000,7.640275913,-36.378890455
111.800000000,102.160000000,7.820811175,-36.787254915
111.900000000,102.260000000,7.202743126,-36.371801269
112.050000000,102.410000000,7.563979180,-36.094604014
112.150000000,102.510000000,8.285519952,-35.469475373
112.300000000,102.660000000,7.407410051,-35.778886823
112.400000000,102.760000000,7.717184619,-35.782643048
112.550000000,102.910000000,7.702928289,-35.503295075
112.650000000,103.010000000,7.413785175,-36.717176056
112.800000000,103.160000000,6.924997890,-36.014573453
112.900000000,103.260000000,6.650345205,-35.537818164
113.050000000,103.410000000,7.108038038,-35.913518263
113.150000000,103.510000000,7.675205225,-35.227507824
113.300000000,103.660000000,7.159878006,-36.305174598
113.400000000,103.760000000,6.571790925,-35.993463450
113.550000000,103.910000000,6.840443775,-35.683566482
113.650000000,104.010000000,6.437798497,-35.222716213
113.800000000,104.160000000,6.407709805,-35.505710964
113.900000000,104.260000000,6.212056664,-35.252619998
114.050000000,104.410000000,6.241181923,-35.622624017
114.150000000,104.510000000,6.121488637,-35.412935983
114.300000000,104.660000000,5.341664537,-35.665273426
114.400000000,104.760000000,5.871426073,-36.389615508
114.550000000,104.910000000,5.570976163,-35.819633496
129.650000000,120.010000000,-4.818856659,-34.174641238
129.800000000,120.160000000,-4.742889588,-33.677038352
129.950000000,120.310000000,-4.053750150,-33.928507837
130.050000000,120.410000000,-4.620792352,-34.247445447
130.200000000,120.560000000,-4.866773042,-34.449833977
130.300000000,120.660000000,-4.629370941,-34.652256303
130.450000000,120.810000000,-4.727128208,-34.664769005
130.550000000,120.910000000,-5.266494004,-34.692492361
130.700000000,121.060000000,-3.854201101,-33.977308664
130.800000000,121.160000000,-4.661157599,-33.692224077
130.950000000,121.310000000,-5.407490612,-34.028818204
131.050000000,121.410000000,-5.588705709,-34.377071831
131.200000000,121.560000000,-5.585879217,-34.494864189
131.300000000,121.660000000,-5.293878569,-34.365605651
131.450000000,121.810000000,-5.656232711,-34.286910609
131.550000000,121.910000000,-5.765468031,-34.293872258
131.700000000,122.060000000,-6.378989879,-34.406849082
131.800000000,122.160000000,-6.354290062,-33.795079982
131.950000000,122.310000000,-6.237518318,-34.474553050
132.050000000,122.410000000,-6.330621587,-33.973569456
132.200000000,122.560000000,-6.160446492,-34.177052427
132.300000000,122.660000000,-6.893740181,-34.728776966
132.450000000,122.810000000,-6.638325461,-34.722810565
132.550000000,122.910000000,-6.048641421,-34.929134235
132.700000000,123.060000000,-6.638292681,-34.767444203
132.800000000,123.160000000,-6.851067300,-34.244377648
132.950000000,123.310000000,-7.062103865,-34.683423344
133.050000000,123.410000000,-6.510703950,-34.580550467
133.200000000,123.560000000,-6.842419119,-34.185516486
133.300000000,123.660000000,-6.757407410,-34.496211164
133.450000000,123.810000000,-6.856829691,-34.542375490
133.550000000,123.910000000,-6.773948177,-34.814407242
133.700000000,124.060000000,-6.968228097,-35.505100301
133.800000000,124.160000000,-7.670710417,-35.637817155
133.950000000,124.310000000,-7.663246254,-35.303740308
134.050000000,124.410000000,-7.313336551,-35.160424263
134.200000000,124.560000000,-8.467014733,-35.484846532
134.300000000,124.660000000,-8.501433206,-35.167347567
134.450000000,124.810000000,-8.080190748,-35.482279290
134.550000000,124.910000000,-8.180377645,-35.417938175
134.700000000,125.060000000,-8.571438648,-34.688708475
134.800000000,125.160000000,-9.028306697,-34.965212596
134.950000000,125.310000000,-9.228841938,-35.221822469
135.050000000,125.410000000,-8.990301319,-34.903825279
135.200000000,125.560000000,-9.071771656,-34.959924084
135.300000000,125.660000000,-8.347963645,-34.894966745
135.450000000,125.810000000,-8.786895385,-35.938649857
135.550000000,125.910000000,-8.194148940,-35.675049214
135.700000000,126.060000000,-9.408160569,-35.189373710
135.800000000,126.160000000,-9.007674364,-35.907760746
135.950000000,126.310000000,-8.758448523,-35.878706795
136.050000000,126.410000000,-9.595728894,-35.393756116
136.200000000,126.560000000,-9.486915197,-35.185105190
136.300000000,126.660000000,-9.506328941,-35.770483707
136.450000000,126.810000000,-10.002905264,-35.516428010
136.550000000,126.910000000,-9.506645118,-35.548494370
136.700000000,127.060000000,-9.453781790,-36.199175766
136.800000000,127.160000000,-9.956003705,-36.106243820
136.950000000,127.310000000,-10.217124340,-35.553514087
137.050000000,127.410000000,-9.441496244,-35.866354465
137.200000000,127.560000000,-11.094539100,-36.910158270
137.300000000,127.660000000,-11.167294964,-36.958440049
137.450000000,127.810000000,-10.715503856,-36.677363875
137.550000000,127.910000000,-11.055328468,-37.012653991
137.700000000,128.060000000,-11.225951081,-36.375652832
137.800000000,128.160000000,-10.841234283,-35.908585878
137.950000000,128.310000000,-10.507673803,-35.525595928
138.050000000,128.410000000,-11.413329222,-36.139077686
138.200000000,128.560000000,-11.559573290,-36.876343410
138.300000000,128.660000000,-11.842543133,-36.917993821
138.450000000,128.810000000,-11.509147241,-36.538020052
138.550000000,128.910000000,-11.497024712,-36.732939757
138.700000000,129.060000000,-11.325360267,-36.818743682
138.800000000,129.160000000,-12.048653073,-37.330296317
138.950000000,129.310000000,-12.217351616,-36.964326081
139.050000000,129.410000000,-12.429094742,-36.114676422
139.200000000,129.560000000,-12.083444815,-35.849034264
139.300000000,129.660000000,-12.680511288,-37.096712939
139.450000000,129.810000000,-12.674053140,-36.683128159
139.550000000,129.910000000,-12.774166301,-36.663490497
139.700000000,130.060000000,-12.365029016,-36.869890441
139.800000000,130.160000000,-12.140994719,-37.115368152
139.950000000,130.310000000,-12.882448581,-37.745714451
140.050000000,130.410000000,-12.413562588,-37.069654381
140.200000000,130.560000000,-12.071985483,-37.367178850
140.300000000,130.660000000,-12.701072495,-37.664400198
140.450000000,130.810000000,-12.903250864,-37.763207540
140.550000000,130.910000000,-12.541243452,-37.160946513
140.700000000,131.060000000,-13.412189260,-36.703633939
140.800000000,131.160000000,-12.975358347,-37.496953541
140.950000000,131.310000000,-13.324007384,-37.130012156
141.050000000,131.410000000,-13.455064860,-37.047386515
141.200000000,131.560000000,-13.133806799,-36.684461178
141.300000000,131.660000000,-12.880537115,-36.342168987
141.450000000,131.810000000,-14.067945704,-37.258956212
141.550000000,131.910000000,-14.205160877,-37.881998047
141.700000000,132.060000000,-14.146865251,-37.220625592
141.800000000,132.160000000,-14.868033345,-37.485679996
141.950000000,132.310000000,-14.505963440,-37.498183298
142.050000000,132.410000000,-14.751386588,-37.866884192
142.200000000,132.560000000,-14.972438444,-38.000302382
142.300000000,132.660000000,-14.749373504,-37.772865048
142.450000000,132.810000000,-15.131269419,-37.530894868
142.550000000,132.910000000,-15.699997721,-37.684615843
142.700000000,133.060000000,-15.129492634,-38.106498944
142.800000000,133.160000000,-14.818647060,-38.073702378
142.950000000,133.310000000,-15.638886683,-37.951984314
143.050000000,133.410000000,-14.866220971,-38.623644054
143.200000000,133.560000000,-15.816284885,-37.946104824
143.300000000,133.660000000,-15.311326249,-38.339626288
143.450000000,133.810000000,-15.505728609,-38.250211978
143.550000000,133.910000000,-14.828169993,-38.444701152
143.700000000,134.060000000,-15.797965459,-38.221086337
143.800000000,134.160000000,-15.322408223,-38.871752064
143.950000000,134.310000000,-16.320363284,-37.617973908
144.050000000,134.410000000,-16.507264259,-38.299273950
144.200000000,134.560000000,-16.665996939,-38.632641442
144.300000000,134.660000000,-16.664742541,-38.819718027
144.450000000,134.810000000,-15.842539720,-38.844114819
144.550000000,134.910000000,-16.757080388,-39.000164414
159.650000000,150.010000000,-27.139087846,-42.568487087
159.800000000,150.160000000,-26.736285325,-42.742036716
159.950000000,150.310000000,-26.907631312,-42.087353794
160.050000000,150.410000000,-26.988639203,-42.650679782
160.200000000,150.560000000,-26.344619867,-41.807349288
160.300000000,150.660000000,-26.183808043,-42.122847278
160.450000000,150.810000000,-26.293669134,-42.552775045
160.550000000,150.910000000,-26.679388537,-42.409208424
160.700000000,151.060000000,-27.673522739,-42.287830641
160.800000000,151.160000000,-27.424046934,-42.682865996
160.950000000,151.310000000,-26.871527791,-41.655588358
161.050000000,151.410000000,-26.406035070,-42.100761396
161.200000000,151.560000000,-27.517132848,-42.215113648
161.300000000,151.660000000,-27.493949900,-42.103613651
161.450000000,151.810000000,-27.895988635,-41.941562460
161.550000000,151.910000000,-27.262134328,-41.941906936
161.700000000,152.060000000,-27.201214842,-42.722727710
161.800000000,152.160000000,-27.249713500,-41.454733839
161.950000000,152.310000000,-27.908709515,-42.684485658
162.050000000,152.410000000,-27.869948498,-42.030668098
162.200000000,152.560000000,-27.685520778,-42.384589239
162.300000000,152.660000000,-27.493913007,-42.605318196
162.450000000,152.810000000,-27.600867093,-42.158900433
162.550000000,152.910000000,-27.589162752,-42.262461236
162.700000000,153.060000000,-26.935938336,-41.781466087
162.800000000,153.160000000,-27.082403272,-42.158158883
162.950000000,153.310000000,-27.605462547,-42.558671769
163.050000000,153.410000000,-27.685185193,-42.089671818
163.200000000,153.560000000,-27.236943531,-42.796244118
163.300000000,153.660000000,-27.550306912,-42.848467804
163.450000000,153.810000000,-26.715388451,-42.696648774
163.550000000,153.910000000,-28.141229509,-41.917519677
163.700000000,154.060000000,-28.123897533,-41.901196781
163.800000000,154.160000000,-28.513444064,-41.862678635
163.950000000,154.310000000,-28.898154287,-41.601479170
164.050000000,154.410000000,-28.256198940,-41.563441781
164.200000000,154.560000000,-28.198018735,-41.546606311
164.300000000,154.660000000,-28.038834498,-42.541627648
164.450000000,154.810000000,-28.261634169,-41.953113887
164.550000000,154.910000000,-28.927058567,-41.903340312
164.700000000,155.060000000,-29.043637776,-42.225863845
164.800000000,155.160000000,-28.878250394,-42.085879007
164.950000000,155.310000000,-28.455970259,-40.914986057
165.050000000,155.410000000,-28.478176849,-41.140348230
165.200000000,155.560000000,-29.010167005,-41.220571854
165.300000000,155.660000000,-29.177959528,-41.100832097
165.450000000,155.810000000,-29.062795670,-40.953551188
165.550000000,155.910000000,-28.734048462,-41.431113163
165.700000000,156.060000000,-29.318983904,-41.338989381
165.800000000,156.160000000,-28.668057445,-41.299008927
165.950000000,156.310000000,-29.254023636,-40.683134118
166.050000000,156.410000000,-29.474334613,-40.218179523
166.200000000,156.560000000,-29.344738633,-40.511099779
166.300000000,156.660000000,-29.541380624,-40.285662325
166.450000000,156.810000000,-29.719951610,-41.550326907
166.550000000,156.910000000,-29.853773024,-41.998280209
166.700000000,157.060000000,-29.714058877,-41.249052265
166.800000000,157.160000000,-29.224197071,-40.925335872
166.950000000,157.310000000,-29.952326768,-40.555746790
167.050000000,157.410000000,-30.415152963,-40.440314298
167.200000000,157.560000000,-30.370478505,-40.327079177
167.300000000,157.660000000,-29.849524183,-40.856514683
167.450000000,157.810000000,-29.993566839,-40.717282847
167.550000000,157.910000000,-29.393870955,-40.455004114
167.700000000,158.060000000,-31.748619750,-40.696200143
167.800000000,158.160000000,-31.284186288,-40.165068047
167.950000000,158.310000000,-30.738537014,-39.988479529
168.050000000,158.410000000,-30.723350940,-40.028401501
168.200000000,158.560000000,-30.385025034,-39.774607545
168.300000000,158.660000000,-30.798989158,-40.350420523
168.450000000,158.810000000,-31.836404224,-40.488628508
168.550000000,158.910000000,-31.533641333,-40.070466890
168.700000000,159.060000000,-31.977998074,-40.511764139
168.800000000,159.160000000,-31.737349510,-39.773010595
168.950000000,159.310000000,-31.915426826,-39.751796138
169.050000000,159.410000000,-32.594104873,-39.902152758
169.200000000,159.560000000,-32.900863519,-39.891832170
169.300000000,159.660000000,-32.104656148,-39.883534380
169.450000000,159.810000000,-32.283472420,-39.141733420
169.550000000,159.910000000,-32.895839421,-39.303384060
169.700000000,160.060000000,-33.081465873,-38.638167629
169.800000000,160.160000000,-32.255945107,-39.058951129
169.950000000,160.310000000,-32.197521058,-39.817465931
170.050000000,160.410000000,-33.046249699,-39.054361461
170.200000000,160.560000000,-32.818695223,-39.340721682
170.300000000,160.660000000,-32.721355068,-39.237262458
170.450000000,160.810000000,-32.869688674,-39.547475327
170.550000000,160.910000000,-32.608286896,-39.348880313
170.700000000,161.060000000,-32.995980543,-38.999573029
170.800000000,161.160000000,-33.229106247,-38.955837997
170.950000000,161.310000000,-32.652435989,-39.123921539
171.050000000,161.410000000,-33.441072010,-38.899594288
171.200000000,161.560000000,-33.108122654,-38.839430924
171.300000000,161.660000000,-33.138668667,-39.400691167
171.450000000,161.810000000,-33.484703637,-38.456161571
171.550000000,161.910000000,-33.203120992,-39.392157503
171.700000000,162.060000000,-33.391063543,-38.607424511
171.800000000,162.160000000,-33.989645830,-39.043690100
171.950000000,162.310000000,-33.971299604,-38.854042703
172.050000000,162.410000000,-33.575684571,-38.269069096
172.200000000,162.560000000,-34.340761349,-37.535984902
172.300000000,162.660000000,-34.113898658,-38.235210896
172.450000000,162.810000000,-33.770507476,-38.184815425
172.550000000,162.910000000,-34.683779440,-38.471111668
172.700000000,163.060000000,-33.884849994,-38.405315613
172.800000000,163.160000000,-34.309398681,-37.775494201
172.950000000,163.310000000,-35.085418453,-37.954021771
173.050000000,163.410000000,-34.780415669,-38.371234896
173.200000000,163.560000000,-35.041400224,-38.230480606
173.300000000,163.660000000,-35.001726861,-37.856776555
173.450000000,163.810000000,-34.915508460,-37.479430212
173.550000000,163.910000000,-34.661794077,-37.083972291
173.700000000,164.060000000,-35.545736539,-37.828110293
173.800000000,164.160000000,-35.470258151,-37.999582941
173.950000000,164.310000000,-36.141212565,-37.650428982
174.050000000,164.410000000,-36.103083421,-37.787731795
174.200000000,164.560000000,-35.873957815,-37.124142925
174.300000000,164.660000000,-35.906904816,-37.752173493
174.450000000,164.810000000,-36.558210865,-37.279266473
174.550000000,164.910000000,-36.562728416,-37.252885405
189.650000000,180.010000000,-46.567734856,-31.568623018
189.800000000,180.160000000,-46.662057802,-31.091863942
189.950000000,180.310000000,-46.710331076,-31.267098794
190.050000000,180.410000000,-46.393346227,-31.049534286
190.200000000,180.560000000,-46.796846946,-30.350122653
190.300000000,180.660000000,-46.641162012,-30.782240697
190.450000000,180.810000000,-46.611691596,-31.214930666
190.550000000,180.910000000,-47.189314410,-31.538210331
190.700000000,181.060000000,-46.919031647,-31.410764086
190.800000000,181.160000000,-46.789466814,-31.735034243
190.950000000,181.310000000,-46.648023976,-30.911079789
191.050000000,181.410000000,-46.572373529,-31.646701070
191.200000000,181.560000000,-46.813163115,-31.213732800
191.300000000,181.660000000,-46.921658375,-31.065424986
191.450000000,181.810000000,-47.265946329,-30.596002668
191.550000000,181.910000000,-46.722911633,-31.443300226
191.700000000,182.060000000,-46.516022979,-31.477612310
191.800000000,182.160000000,-46.650778885,-30.866625570
191.950000000,182.310000000,-46.764196501,-30.764005512
192.050000000,182.410000000,-46.003764374,-31.476504851
192.200000000,182.560000000,-47.009627182,-31.775672772
192.300000000,182.660000000,-47.536396986,-32.004939527
192.450000000,182.810000000,-46.600414674,-31.610028758
192.550000000,182.910000000,-47.125315072,-31.628360494
192.700000000,183.060000000,-46.547056262,-31.803877173
192.800000000,183.160000000,-46.135250967,-31.993713379
192.950000000,183.310000000,-47.006972882,-32.042546191
193.050000000,183.410000000,-46.312285835,-31.879139850
193.200000000,183.560000000,-46.389938846,-31.403855848
193.300000000,183.660000000,-46.466818138,-31.949020751
193.450000000,183.810000000,-46.317427585,-31.233723534
193.550000000,183.910000000,-46.636093634,-31.332248566
193.700000000,184.060000000,-46.751486133,-31.405855614
193.800000000,184.160000000,-46.726671079,-31.614112251
193.950000000,184.310000000,-46.860317061,-31.702816996
194.050000000,184.410000000,-46.978725331,-31.337362645
194.200000000,184.560000000,-46.311654983,-30.660476279
194.300000000,184.660000000,-47.094355823,-31.521635953
194.450000000,184.810000000,-46.831925430,-31.265185435
194.550000000,184.910000000,-46.459856928,-30.398843532
194.700000000,185.060000000,-45.997728870,-31.087013295
194.800000000,185.160000000,-45.694536228,-31.388720214
194.950000000,185.310000000,-46.406041969,-31.209733080
195.050000000,185.410000000,-46.995230310,-31.243527382
195.200000000,185.560000000,-46.732345128,-31.544378775
195.300000000,185.660000000,-46.229239452,-30.690126082
195.450000000,185.810000000,-46.309764182,-31.289319162
195.550000000,185.910000000,-46.550018900,-30.755828407
195.700000000,186.060000000,-46.887512255,-30.037770699
195.800000000,186.160000000,-46.960701101,-30.643053190
195.950000000,186.310000000,-46.962907134,-30.115284574
196.050000000,186.410000000,-47.381193749,-30.120517706
196.200000000,186.560000000,-47.017373171,-30.065308698
196.300000000,186.660000000,-46.632537246,-29.938393586
196.450000000,186.810000000,-47.030510619,-30.804274322
196.550000000,186.910000000,-46.516713599,-30.658537420
196.700000000,187.060000000,-45.823013175,-29.554750756
196.800000000,187.160000000,-46.794411225,-29.984743009
196.950000000,187.310000000,-46.629824313,-29.571621699
197.050000000,187.410000000,-47.017486900,-30.280866482
197.200000000,187.560000000,-46.425512382,-29.429451313
197.300000000,187.660000000,-46.434028295,-29.639229534
197.450000000,187.810000000,-46.247143206,-29.443934982
197.550000000,187.910000000,-46.422892546,-29.139029603
197.700000000,188.060000000,-45.346323060,-28.599699383
197.800000000,188.160000000,-45.381245728,-29.163505264
197.950000000,188.310000000,-46.013535358,-29.101722928
198.050000000,188.410000000,-45.264546216,-29.337406144
198.200000000,188.560000000,-45.892002232,-28.878929821
198.300000000,188.660000000,-45.847395355,-28.946805064
198.450000000,188.810000000,-45.409299342,-28.139441486
198.550000000,188.910000000,-45.850750374,-27.486029312
198.700000000,189.060000000,-45.256574495,-27.808235352
198.800000000,189.160000000,-45.520941039,-27.539277148
198.950000000,189.310000000,-44.996987844,-28.474313573
199.050000000,189.410000000,-45.206350678,-27.631501512
199.200000000,189.560000000,-45.037931263,-27.489737350
199.300000000,189.660000000,-45.228633727,-27.862299951
199.450000000,189.810000000,-45.898873944,-27.351858639
199.550000000,189.910000000,-45.267922263,-27.416156393
199.700000000,190.060000000,-44.767733305,-27.310323634
199.800000000,190.160000000,-45.081295498,-27.701398039
199.950000000,190.310000000,-44.339210673,-27.780262140
200.050000000,190.410000000,-44.049155652,-27.585825089
200.200000000,190.560000000,-44.551030854,-27.498102587
200.300000000,190.660000000,-44.636154903,-27.655386679
200.450000000,190.810000000,-44.599618728,-27.255130630
200.550000000,190.910000000,-45.110819358,-26.866718533
200.700000000,191.060000000,-44.966379673,-26.961723346
200.800000000,191.160000000,-44.832652663,-26.806759884
200.950000000,191.310000000,-44.733335325,-26.534048598
201.050000000,191.410000000,-45.021667589,-25.746646572
201.200000000,191.560000000,-44.344097838,-25.860416854
201.300000000,191.660000000,-43.731189028,-25.929690800
201.450000000,191.810000000,-44.624694450,-26.418523782
201.550000000,191.910000000,-43.997846958,-26.292352977
201.700000000,192.060000000,-43.936537903,-25.899642483
201.800000000,192.160000000,-44.155573704,-25.450056404
201.950000000,192.310000000,-44.054010024,-25.450424419
202.050000000,192.410000000,-43.950029601,-25.375909164
202.200000000,192.560000000,-43.997035743,-25.571343818
202.300000000,192.660000000,-44.087483473,-25.756880336
202.450000000,192.810000000,-43.573214959,-25.136595929
202.550000000,192.910000000,-43.401087319,-25.653961092
202.700000000,193.060000000,-44.040927475,-25.512036599
202.800000000,193.160000000,-43.696979023,-25.207126368
202.950000000,193.310000000,-43.021965344,-24.868630593
203.050000000,193.410000000,-43.422932660,-24.675134342
203.200000000,193.560000000,-42.911756339,-24.235313985
203.300000000,193.660000000,-43.131450566,-24.510770919
203.450000000,193.810000000,-42.773058062,-24.310511672
203.550000000,193.910000000,-42.377616242,-24.749222686
203.700000000,194.060000000,-43.468981034,-24.774779705
203.800000000,194.160000000,-43.162951913,-24.138922909
203.950000000,194.310000000,-42.768921094,-24.432640843
204.050000000,194.410000000,-42.783230070,-24.412815350
204.200000000,194.560000000,-42.670405643,-23.376446866
204.300000000,194.660000000,-42.984927662,-23.508678556
204.450000000,194.810000000,-43.138316055,-23.504710723
204.550000000,194.910000000,-42.601051570,-23.653460424
219.650000000,210.010000000,-36.150726711,-11.693754891
219.800000000,210.160000000,-35.656130232,-12.457972465
219.950000000,210.310000000,-35.722452726,-12.605001099
220.050000000,210.410000000,-35.365513770,-12.977126945
220.200000000,210.560000000,-34.895433019,-11.473875384
220.300000000,210.660000000,-34.682950686,-11.692963651
220.450000000,210.810000000,-35.358185834,-12.072617766
220.550000000,210.910000000,-35.534694070,-11.840948545
220.700000000,211.060000000,-35.024023180,-11.561053137
220.800000000,211.160000000,-35.103282186,-11.367349451
220.950000000,211.310000000,-35.194078746,-11.075465399
221.050000000,211.410000000,-35.253834535,-11.167616015
221.200000000,211.560000000,-34.985227581,-10.881253514
221.300000000,211.660000000,-34.804718838,-11.071652740
221.450000000,211.810000000,-34.596393059,-11.099725338
221.550000000,211.910000000,-34.473259833,-11.231527063
221.700000000,212.060000000,-34.150668588,-11.445758812
221.800000000,212.160000000,-34.193538565,-10.550777860
221.950000000,212.310000000,-33.763123291,-11.004124302
222.050000000,212.410000000,-34.225014184,-10.687683970
222.200000000,212.560000000,-33.822260837,-10.270545496
222.300000000,212.660000000,-33.979597631,-9.709685038
222.450000000,212.810000000,-34.417314816,-9.693222666
222.550000000,212.910000000,-34.037007676,-9.544921153
222.700000000,213.060000000,-34.012740259,-10.587963497
222.800000000,213.160000000,-34.380278964,-9.929194481
222.950000000,213.310000000,-33.283582848,-10.272526852
223.050000000,213.410000000,-33.938123798,-10.277480808
223.200000000,213.560000000,-34.158912955,-9.822077611
223.300000000,213.660000000,-34.164038653,-9.189742439
223.450000000,213.810000000,-34.080620439,-9.599687445
223.550000000,213.910000000,-33.653460347,-9.408732261
223.700000000,214.060000000,-33.512038493,-8.875747810
223.800000000,214.160000000,-33.633470129,-8.625454273
223.950000000,214.310000000,-33.511049026,-8.991691252
224.050000000,214.410000000,-33.199996821,-8.672157148
224.200000000,214.560000000,-33.891312933,-9.177374084
224.300000000,214.660000000,-33.093713661,-8.929312035
224.450000000,214.810000000,-33.869552738,-8.344846655
224.550000000,214.910000000,-33.133964563,-7.778358474
224.700000000,215.060000000,-34.157358965,-7.832817768
224.800000000,215.160000000,-33.564590071,-7.896868294
224.950000000,215.310000000,-33.343937224,-7.589830701
225.050000000,215.410000000,-33.035588122,-8.377347639
225.200000000,215.560000000,-33.015677430,-7.819060341
225.300000000,215.660000000,-32.839773895,-8.035024229
225.450000000,215.810000000,-32.717914075,-8.404476670
225.550000000,215.910000000,-32.896359749,-7.752454138
225.700000000,216.060000000,-32.681082878,-7.781838022
225.800000000,216.160000000,-32.400457660,-7.227489076
225.950000000,216.310000000,-32.173413166,-7.242763760
226.050000000,216.410000000,-32.534469619,-7.014789253
226.200000000,216.560000000,-32.651188035,-7.275549677
226.300000000,216.660000000,-31.863103028,-7.030339465
226.450000000,216.810000000,-32.325279971,-6.761487504
226.550000000,216.910000000,-32.256773469,-6.580008998
226.700000000,217.060000000,-31.821516039,-6.580266454
226.800000000,217.160000000,-32.144291878,-6.693221836
226.950000000,217.310000000,-32.288941685,-7.487686364
227.050000000,217.410000000,-32.435359028,-7.122733996
227.200000000,217.560000000,-32.765156669,-6.361751617
227.300000000,217.660000000,-32.199212002,-6.548232421
227.450000000,217.810000000,-31.867116569,-6.303375618
227.550000000,217.910000000,-31.702804272,-6.376403968
227.700000000,218.060000000,-31.885796512,-6.562463600
227.800000000,218.160000000,-31.789714450,-6.018362747
227.950000000,218.310000000,-31.311363225,-5.735630730
228.050000000,218.410000000,-31.224932627,-5.670397941
228.200000000,218.560000000,-31.190376599,-6.272440086
228.300000000,218.660000000,-31.152880744,-5.747910778
228.450000000,218.810000000,-31.284112400,-5.465285543
228.550000000,218.910000000,-31.414273147,-5.126233200
228.700000000,219.060000000,-31.294146756,-5.239489114
228.800000000,219.160000000,-30.852580288,-5.207251146
228.950000000,219.310000000,-30.727445511,-4.865268356
229.050000000,219.410000000,-30.824168942,-4.668133696
229.200000000,219.560000000,-31.066273604,-4.539159539
229.300000000,219.660000000,-30.960052612,-4.113978496
229.450000000,219.810000000,-30.536983720,-4.544588064
229.550000000,219.910000000,-31.001397711,-4.062212696
229.700000000,220.060000000,-30.679841760,-4.888675166
229.800000000,220.160000000,-30.654789161,-4.427472886
229.950000000,220.310000000,-30.516693714,-4.883314604
230.050000000,220.410000000,-30.136573873,-5.274818741
230.200000000,220.560000000,-30.243882925,-3.958754474
230.300000000,220.660000000,-29.885119102,-4.075652338
230.450000000,220.810000000,-29.847764698,-4.158253870
230.550000000,220.910000000,-30.131267882,-3.712979291
230.700000000,221.060000000,-30.150366875,-4.371403046
230.800000000,221.160000000,-30.278380709,-3.979335709
230.950000000,221.310000000,-30.261255198,-4.161857178
231.050000000,221.410000000,-29.998807665,-3.954969778
231.200000000,221.560000000,-29.794634122,-3.110514096
231.300000000,221.660000000,-29.523773202,-2.999438676
231.450000000,221.810000000,-29.231311972,-2.622826650
231.550000000,221.910000000,-29.691322643,-2.682550935
231.700000000,222.060000000,-29.226937186,-2.694067429
231.800000000,222.160000000,-29.152158122,-3.466584780
231.950000000,222.310000000,-29.812282686,-2.818341302
232.050000000,222.410000000,-30.124089270,-2.376631211
232.200000000,222.560000000,-29.899170800,-2.116520931
232.300000000,222.660000000,-29.692505288,-2.277871134
232.450000000,222.810000000,-29.667380249,-2.012130676
232.550000000,222.910000000,-29.768225398,-2.454826456
232.700000000,223.060000000,-29.361325612,-2.237592995
232.800000000,223.160000000,-29.173382147,-1.692663132
232.950000000,223.310000000,-29.812459637,-2.345441594
233.050000000,223.410000000,-29.682061839,-2.261981829
233.200000000,223.560000000,-29.216896380,-2.540601457
233.300000000,223.660000000,-28.715643447,-2.426533883
233.450000000,223.810000000,-28.235564160,-2.274638493
233.550000000,223.910000000,-28.070098789,-1.515611671
233.700000000,224.060000000,-28.123023421,-1.297441688
233.800000000,224.160000000,-28.568764777,-1.318524270
233.950000000,224.310000000,-29.164694398,-0.895898147
234.050000000,224.410000000,-29.163446437,-0.954199232
234.200000000,224.560000000,-28.679546129,-1.471010618
234.300000000,224.660000000,-28.899391614,-0.788405404
234.450000000,224.810000000,-29.009187407,-0.709920284
234.550000000,224.910000000,-28.811734092,-0.732519995
249.650000000,240.010000000,-29.022450403,8.315652819
249.800000000,240.160000000,-28.671834890,8.752679865
249.950000000,240.310000000,-29.524945274,8.687340707
250.050000000,240.410000000,-28.942791623,8.759576450
250.200000000,240.560000000,-29.468673749,8.410016568
250.300000000,240.660000000,-29.544345932,9.187852888
250.450000000,240.810000000,-29.550791863,9.038718709
250.550000000,240.910000000,-29.439503937,8.874594137
250.700000000,241.060000000,-29.203279036,8.731603608
250.800000000,241.160000000,-28.897727292,8.957622727
250.950000000,241.310000000,-28.704869785,9.325560149
251.050000000,241.410000000,-29.009108986,9.246591681
251.200000000,241.560000000,-29.402926415,9.051333450
251.300000000,241.660000000,-29.602918187,9.495889779
251.450000000,241.810000000,-29.772687747,10.423990552
251.550000000,241.910000000,-29.624378040,10.266776833
251.700000000,242.060000000,-29.917762090,9.891863205
251.800000000,242.160000000,-29.738243477,10.396736830
251.950000000,242.310000000,-29.419037043,9.878554347
252.050000000,242.410000000,-29.907200570,9.679124388
252.200000000,242.560000000,-30.209374356,10.858416354
252.300000000,242.660000000,-30.249046821,11.064581855
252.450000000,242.810000000,-30.168983062,10.793055145
252.550000000,242.910000000,-29.983028933,10.779618682
252.700000000,243.060000000,-29.599153140,10.594590814
252.800000000,243.160000000,-29.261877089,11.111930953
252.950000000,243.310000000,-30.182693824,11.343691464
253.050000000,243.410000000,-30.180685651,11.193194740
253.200000000,243.560000000,-29.355773607,11.173236518
253.300000000,243.660000000,-30.161666181,11.455180881
253.450000000,243.810000000,-30.396943882,11.362533110
253.550000000,243.910000000,-30.796381456,11.931298985
253.700000000,244.060000000,-30.438271899,11.015369850
253.800000000,244.160000000,-30.777230621,11.249533754
253.950000000,244.310000000,-30.849945412,11.109698874
254.050000000,244.410000000,-30.025388960,10.899664578
254.200000000,244.560000000,-30.128257076,10.917631342
254.300000000,244.660000000,-30.478208781,11.668935698
254.450000000,244.810000000,-30.154664015,12.115602840
254.550000000,244.910000000,-30.322375782,11.859100003
254.700000000,245.060000000,-30.509498823,12.187378122
254.800000000,245.160000000,-30.945268296,12.580166307
254.950000000,245.310000000,-31.357352311,12.182737119
255.050000000,245.410000000,-30.939844007,11.611788310
255.200000000,245.560000000,-30.525468381,13.031092165
255.300000000,245.660000000,-30.363288117,12.827731920
255.450000000,245.810000000,-30.488537335,13.109329199
255.550000000,245.910000000,-30.701681612,13.307959678
255.700000000,246.060000000,-30.512275332,13.831860599
255.800000000,246.160000000,-30.566710029,13.517900147
255.950000000,246.310000000,-30.744885964,13.830529914
256.050000000,246.410000000,-31.371182583,14.105697067
256.200000000,246.560000000,-30.995684433,13.486123163
256.300000000,246.660000000,-30.711976686,13.148995224
256.450000000,246.810000000,-30.985444658,13.448542300
256.550000000,246.910000000,-31.576028604,14.713411164
256.700000000,247.060000000,-31.077421740,14.490162907
256.800000000,247.160000000,-31.106198327,15.316046685
256.950000000,247.310000000,-31.475227243,14.828010133
257.050000000,247.410000000,-30.741847165,14.782417751
257.200000000,247.560000000,-30.911495286,14.504116001
257.300000000,247.660000000,-31.474324394,14.635412163
257.450000000,247.810000000,-31.290217148,14.627540855
257.550000000,247.910000000,-31.340539215,15.347646000
257.700000000,248.060000000,-31.634071921,15.599328855
257.800000000,248.160000000,-31.328802450,15.661299378
257.950000000,248.310000000,-31.544273110,15.054867638
258.050000000,248.410000000,-31.615972026,15.494347270
258.200000000,248.560000000,-32.473123602,16.026333040
258.300000000,248.660000000,-31.515171497,15.892729356
258.450000000,248.810000000,-30.898162210,16.170522235
258.550000000,248.910000000,-31.332364069,15.701941740
258.700000000,249.060000000,-31.927194621,15.562345927
258.800000000,249.160000000,-31.757260227,16.571838316
258.950000000,249.310000000,-31.003821624,15.436054877
259.050000000,249.410000000,-31.016939207,15.279769238
259.200000000,249.560000000,-30.917615325,16.118393066
259.300000000,249.660000000,-31.061497604,16.672086032
259.450000000,249.810000000,-31.049310302,16.882848371
259.550000000,249.910000000,-32.155877138,16.268663335
259.700000000,250.060000000,-32.184558030,17.285529510
259.800000000,250.160000000,-31.780810520,17.090658932
259.950000000,250.310000000,-31.621115457,17.244431765
260.050000000,250.410000000,-31.940717561,16.289920018
260.200000000,250.560000000,-31.871034653,16.815435764
260.300000000,250.660000000,-31.990699262,17.324484222
260.450000000,250.810000000,-32.180009421,17.287903009
260.550000000,250.910000000,-31.932846506,17.168042252
260.700000000,251.060000000,-31.853569421,18.006973375
260.800000000,251.160000000,-31.856620846,17.719374780
260.950000000,251.310000000,-31.834744335,18.067852820
261.050000000,251.410000000,-31.250583216,17.846325170
261.200000000,251.560000000,-32.287775976,18.778277984
261.300000000,251.660000000,-32.112037657,18.972185847
261.450000000,251.810000000,-32.653617779,18.458187561
261.550000000,251.910000000,-32.283875901,17.853406400
261.700000000,252.060000000,-32.008158628,19.015501780
261.800000000,252.160000000,-31.883540785,19.047726861
261.950000000,252.310000000,-32.418860135,18.275095549
262.050000000,252.410000000,-32.666671382,19.027820576
262.200000000,252.560000000,-32.101656604,19.072277249
262.300000000,252.660000000,-31.763740148,18.832912424
262.450000000,252.810000000,-31.899677654,19.206445035
262.550000000,252.910000000,-32.042209997,19.616167698
262.700000000,253.060000000,-32.453310201,20.042039112
262.800000000,253.160000000,-33.057657124,19.618441376
262.950000000,253.310000000,-32.748236150,19.395494712
263.050000000,253.410000000,-32.511229699,19.229037726
263.200000000,253.560000000,-32.111563774,19.214421774
263.300000000,253.660000000,-32.768597340,19.110453443
263.450000000,253.810000000,-32.963279396,19.836062149
263.550000000,253.910000000,-33.302650398,20.317012505
263.700000000,254.060000000,-32.534289361,20.344164310
263.800000000,254.160000000,-32.440183316,20.622603509
263.950000000,254.310000000,-32.368726840,20.618629330
264.050000000,254.410000000,-32.852538881,21.002171698
264.200000000,254.560000000,-33.667608045,20.153965735
264.300000000,254.660000000,-33.438791600,20.498479379
264.450000000,254.810000000,-33.425750067,21.023936179
264.550000000,254.910000000,-33.517237467,20.949553963
279.650000000,270.010000000,-37.017108114,33.317145061
279.750000000,270.110000000,-37.207717750,33.746140077
279.850000000,270.210000000,-36.919368862,34.351629646
280.000000000,270.360000000,-37.261714772,34.435368416
280.100000000,270.460000000,-37.012936210,34.393736022
280.250000000,270.610000000,-36.795997120,34.146086358
280.350000000,270.710000000,-36.883261723,34.190557727
280.500000000,270.860000000,-37.253499919,35.078148038
280.600000000,270.960000000,-37.020580055,34.708609489
280.750000000,271.110000000,-36.379765207,35.117056061
280.850000000,271.210000000,-36.713799406,34.828032545
281.000000000,271.360000000,-37.111836766,34.760943928
281.100000000,271.460000000,-37.031509063,34.384749335
281.250000000,271.610000000,-36.992550696,33.951591433
281.350000000,271.710000000,-37.070949968,34.867577209
281.500000000,271.860000000,-36.438611247,35.210851209
281.600000000,271.960000000,-36.596144287,35.084397374
281.750000000,272.110000000,-37.119743929,36.000659932
281.850000000,272.210000000,-36.724497123,36.011610989
282.000000000,272.360000000,-36.907929963,36.413648102
282.100000000,272.460000000,-37.059914061,36.030441858
282.250000000,272.610000000,-37.293593867,36.549742700
282.350000000,272.710000000,-37.316301182,36.012082661
282.500000000,272.860000000,-37.222559668,36.117538953
282.600000000,272.960000000,-36.575155188,36.421190479
282.750000000,273.110000000,-37.126324073,36.922847227
282.850000000,273.210000000,-36.995782741,36.837018045
283.000000000,273.360000000,-36.500479115,36.171998590
283.100000000,273.460000000,-37.254790304,36.071247288
283.250000000,273.610000000,-36.820054428,36.438291134
283.350000000,273.710000000,-37.012133339,36.323324570
283.500000000,273.860000000,-37.569217925,36.982490762
283.600000000,273.960000000,-36.929159715,36.578972725
283.750000000,274.110000000,-37.247226150,37.277991370
283.850000000,274.210000000,-37.389424580,37.818894900
284.000000000,274.360000000,-37.829054790,37.912630665
284.100000000,274.460000000,-37.897321803,37.331151688
284.250000000,274.610000000,-37.434382021,37.520728544
284.350000000,274.710000000,-38.001150496,37.804635366
284.500000000,274.860000000,-38.606621735,38.440827495
284.600000000,274.960000000,-37.764530093,37.844487993
284.750000000,275.110000000,-37.527992167,38.168004530
284.850000000,275.210000000,-37.909932973,37.773701849
285.000000000,275.360000000,-38.202592679,38.573402526
285.100000000,275.460000000,-37.758260095,38.284412497
285.250000000,275.610000000,-37.690334123,39.012127649
285.350000000,275.710000000,-37.731484518,38.612920708
285.500000000,275.860000000,-38.751140506,39.234596433
285.600000000,275.960000000,-38.771083464,39.187581829
285.750000000,276.110000000,-38.354631181,39.405470517
285.850000000,276.210000000,-38.082805695,39.793831010
286.000000000,276.360000000,-38.083297682,38.991923799
286.100000000,276.460000000,-38.709133227,38.972034650
286.250000000,276.610000000,-38.109258428,39.333391074
286.350000000,276.710000000,-38.120429469,40.043276974
286.500000000,276.860000000,-38.146616981,39.619675430
286.600000000,276.960000000,-37.908577174,39.997498354
286.750000000,277.110000000,-37.918444355,39.675857324
286.850000000,277.210000000,-37.974821342,39.426055875
287.000000000,277.360000000,-38.789208407,39.874580902
287.100000000,277.460000000,-38.336182476,39.927810081
287.250000000,277.610000000,-38.522235822,40.059395247
287.350000000,277.710000000,-38.387537609,39.922064787
287.500000000,277.860000000,-38.321021564,40.090956260
287.600000000,277.960000000,-38.178502794,40.777984184
287.750000000,278.110000000,-37.911643587,40.947622461
287.850000000,278.210000000,-38.394089343,41.114986864
288.000000000,278.360000000,-38.341152776,40.800928073
288.100000000,278.460000000,-38.886216670,40.693158645
288.250000000,278.610000000,-38.534799326,41.223659729
288.350000000,278.710000000,-38.702382739,40.881935765
288.500000000,278.860000000,-38.207876770,41.023084048
288.600000000,278.960000000,-37.821816658,40.206720774
288.750000000,279.110000000,-37.934412110,40.931580724
288.850000000,279.210000000,-38.732623760,40.261831918
289.000000000,279.360000000,-38.727226609,40.130482767
289.100000000,279.460000000,-38.311882068,41.144196534
289.250000000,279.610000000,-38.982492755,41.619494137
289.350000000,279.710000000,-38.657628332,41.913053323
289.500000000,279.860000000,-38.008317789,41.082768715
289.600000000,279.960000000,-37.977266553,40.799028974
289.750000000,280.110000000,-37.221404480,40.909450322
289.850000000,280.210000000,-38.068672821,40.690938188
290.000000000,280.360000000,-38.506314976,40.440817079
290.100000000,280.460000000,-38.560384953,40.666751672
290.250000000,280.610000000,-38.737107826,40.585632481
290.350000000,280.710000000,-38.547944212,40.782242734
290.500000000,280.860000000,-39.170727415,41.491850744
290.600000000,280.960000000,-38.636504141,41.608185150
290.750000000,281.110000000,-38.030681023,41.452446156
290.850000000,281.210000000,-38.613704298,40.909076830
291.000000000,281.360000000,-38.979501204,40.875557797
291.100000000,281.460000000,-38.655079495,41.232103368
291.250000000,281.610000000,-39.210033401,41.127489444
291.350000000,281.710000000,-39.119169218,41.985928641
291.500000000,281.860000000,-37.907641769,41.114855397
291.600000000,281.960000000,-38.274314790,41.302207482
291.750000000,282.110000000,-37.932256121,41.323760791
291.850000000,282.210000000,-38.897059644,41.257154693
292.000000000,282.360000000,-38.628911085,41.178287784
292.100000000,282.460000000,-38.512812932,41.190618076
292.250000000,282.610000000,-37.904102205,40.979825695
292.350000000,282.710000000,-38.667608087,41.809032423
292.500000000,282.860000000,-38.737464941,41.760450749
292.600000000,282.960000000,-38.828570755,42.060344172
292.750000000,283.110000000,-39.520678736,41.555003182
292.850000000,283.210000000,-38.882200100,40.947532122
293.000000000,283.360000000,-38.908042182,41.596493470
293.100000000,283.460000000,-39.009854965,41.410938499
293.250000000,283.610000000,-39.008440768,41.080228412
293.350000000,283.710000000,-39.029184952,41.612663262
293.500000000,283.860000000,-38.533467381,40.787255743
293.600000000,283.960000000,-38.387229707,41.670568945
293.750000000,284.110000000,-38.238304586,40.984447888
293.850000000,284.210000000,-37.557796054,41.395543601
294.000000000,284.360000000,-37.998979963,40.739174734
294.100000000,284.460000000,-37.807121543,41.525519712
294.250000000,284.610000000,-38.141297059,41.769228888
294.350000000,284.710000000,-37.963955425,42.278840081
294.500000000,284.860000000,-37.793671572,41.481770722
294.600000000,284.960000000,-37.998903881,41.407773136
309.650000000,300.010000000,-24.584843335,43.063226516
309.750000000,300.110000000,-24.421687855,42.985056186
309.850000000,300.210000000,-24.066571768,43.346518086
310.000000000,300.360000000,-24.256990717,43.368064545
310.100000000,300.460000000,-24.198448546,43.103710702
310.250000000,300.610000000,-24.004819307,42.570693703
310.350000000,300.710000000,-24.090282209,42.819441762
310.500000000,300.860000000,-23.779084627,43.956210406
310.600000000,300.960000000,-23.026923972,43.711082825
310.750000000,301.110000000,-23.299851295,44.278618442
310.850000000,301.210000000,-23.283533612,43.765270665
311.000000000,301.360000000,-23.245336354,44.098171933
311.100000000,301.460000000,-23.093380655,43.531264279
311.250000000,301.610000000,-23.165259255,44.068585593
311.350000000,301.710000000,-22.931700832,43.197034204
311.500000000,301.860000000,-22.763389964,43.093795602
311.600000000,301.960000000,-22.444155454,43.390962383
311.750000000,302.110000000,-22.925792153,42.820142827
311.850000000,302.210000000,-22.514822096,43.420958686
312.000000000,302.360000000,-23.435263239,43.091967472
312.100000000,302.460000000,-22.743892548,43.370309921
312.250000000,302.610000000,-23.028222808,42.717293973
312.350000000,302.710000000,-22.105797277,43.088540818
312.500000000,302.860000000,-21.481380391,43.777124443
312.600000000,302.960000000,-21.741245727,43.307157370
312.750000000,303.110000000,-21.597524730,43.652850349
312.850000000,303.210000000,-21.447041932,43.477342031
313.000000000,303.360000000,-20.897116960,43.280664729
313.100000000,303.460000000,-20.590196677,43.855791549
313.250000000,303.610000000,-21.587799455,43.117524693
313.350000000,303.710000000,-21.601783585,44.296132923
313.500000000,303.860000000,-21.264508080,43.926214995
313.600000000,303.960000000,-21.563557590,43.589535046
313.750000000,304.110000000,-20.753943618,43.790336602
313.850000000,304.210000000,-21.034268601,43.940913260
314.000000000,304.360000000,-20.932871987,43.898315546
314.100000000,304.460000000,-20.127959745,44.793868188
314.250000000,304.610000000,-20.224922464,43.443986551
314.350000000,304.710000000,-20.478503246,43.903745129
314.500000000,304.860000000,-20.076417080,43.764775273
314.600000000,304.960000000,-19.726096838,44.414522670
314.750000000,305.110000000,-20.064389573,45.128441421
314.850000000,305.210000000,-20.712251691,44.141695758
315.000000000,305.360000000,-20.350274061,43.968828297
315.100000000,305.460000000,-19.400118167,43.677106827
315.250000000,305.610000000,-18.982710694,43.902083466
315.350000000,305.710000000,-18.930693733,44.118197484
315.500000000,305.860000000,-18.787690487,43.779524601
315.600000000,305.960000000,-19.588748434,44.172857585
315.750000000,306.110000000,-19.737222278,43.746257720
315.850000000,306.210000000,-19.414243500,44.435187832
316.000000000,306.360000000,-19.052147125,43.802477604
316.100000000,306.460000000,-18.267880287,44.021206660
316.250000000,306.610000000,-18.297735191,44.306963182
316.350000000,306.710000000,-18.336822555,45.083389069
316.500000000,306.860000000,-18.672694180,44.469023903
316.600000000,306.960000000,-18.370378611,44.288925927
316.750000000,307.110000000,-18.148975983,44.984092313
316.850000000,307.210000000,-17.734735705,45.049244322
317.000000000,307.360000000,-18.215963438,44.763616643
317.100000000,307.460000000,-17.383660186,44.869772382
317.250000000,307.610000000,-17.589242531,44.917927990
317.350000000,307.710000000,-17.679412269,44.533575391
317.500000000,307.860000000,-17.387771359,44.654016495
317.600000000,307.960000000,-17.859580635,44.633095669
317.750000000,308.110000000,-17.685442457,44.364300791
317.850000000,308.210000000,-17.073678093,43.985586691
318.000000000,308.360000000,-17.061546502,44.699009345
318.100000000,308.460000000,-17.035038707,44.162631584
318.250000000,308.610000000,-16.863202136,45.022847584
318.350000000,308.710000000,-16.484342711,44.780505298
318.500000000,308.860000000,-16.807540564,44.364069680
318.600000000,308.960000000,-16.601211951,43.908696415
318.750000000,309.110000000,-16.859747102,43.856610833
318.850000000,309.210000000,-16.689725724,44.096401554
319.000000000,309.360000000,-16.311758075,44.385744620
319.100000000,309.460000000,-16.721852699,44.115260943
319.250000000,309.610000000,-15.416872045,44.703882830
319.350000000,309.710000000,-15.366049167,44.410014894
319.500000000,309.860000000,-15.950505973,44.337899094
319.600000000,309.960000000,-15.203378062,44.602068543
319.750000000,310.110000000,-15.652553548,44.644122459
319.850000000,310.210000000,-15.832205695,44.004113133
320.000000000,310.360000000,-15.221033945,44.298196672
320.100000000,310.460000000,-15.652768530,44.383353630
320.250000000,310.610000000,-15.780054580,44.918556178
320.350000000,310.710000000,-14.940775389,44.601429279
320.500000000,310.860000000,-14.022544955,44.582076384
320.600000000,310.960000000,-14.597680710,45.451570198
320.750000000,311.110000000,-15.928742557,44.749294168
320.850000000,311.210000000,-15.088370846,44.532367764
321.000000000,311.360000000,-14.191084423,44.840905410
321.100000000,311.460000000,-13.750641184,45.050923420
321.250000000,311.610000000,-14.878964626,44.390040887
321.350000000,311.710000000,-14.826622761,44.407791534
321.500000000,311.860000000,-14.592876106,44.759375514
321.600000000,311.960000000,-14.623875196,44.622233093
321.750000000,312.110000000,-14.274052030,44.173209841
321.850000000,312.210000000,-13.617468092,44.782625531
322.000000000,312.360000000,-13.284261874,44.906122252
322.100000000,312.460000000,-12.921057438,45.216360803
322.250000000,312.610000000,-12.905167603,45.361386947
322.350000000,312.710000000,-13.037219216,45.247903087
322.500000000,312.860000000,-13.157404261,45.069674353
322.600000000,312.960000000,-12.782844387,45.187301534
322.750000000,313.110000000,-12.245952450,45.446361406
322.850000000,313.210000000,-12.395005331,44.613531199
323.000000000,313.360000000,-12.429234464,44.820671229
323.100000000,313.460000000,-12.104689723,45.302266984
323.250000000,313.610000000,-11.657321907,44.477174965
323.350000000,313.710000000,-11.997389803,43.961546277
323.500000000,313.860000000,-12.014318443,45.085820528
323.600000000,313.960000000,-12.148679623,45.479497883
323.750000000,314.110000000,-11.561440057,45.110457838
323.850000000,314.210000000,-11.740986199,45.074426948
324.000000000,314.360000000,-11.262515449,44.189526991
324.100000000,314.460000000,-11.476627563,44.576580834
324.250000000,314.610000000,-11.003997866,45.266098974
324.350000000,314.710000000,-11.730842462,44.713453748
324.500000000,314.860000000,-11.473899464,45.741255675
324.600000000,314.960000000,-11.234619135,45.570436405
339.650000000,330.010000000,-0.193948724,47.191273686
339.750000000,330.110000000,0.193966880,46.872181064
339.850000000,330.210000000,0.228099404,48.018853541
340.000000000,330.360000000,0.300532198,47.299607883
340.100000000,330.460000000,0.379658162,47.462773803
340.250000000,330.610000000,0.266885764,47.350371555
340.350000000,330.710000000,-0.013295623,48.276196858
340.500000000,330.860000000,0.141536334,46.905271644
340.600000000,330.960000000,0.170608787,46.992329726
340.750000000,331.110000000,0.397219177,47.446500853
340.850000000,331.210000000,0.315581122,46.912334083
341.000000000,331.360000000,0.666471244,47.120232186
341.100000000,331.460000000,1.005863533,46.404922904
341.250000000,331.610000000,0.538567309,47.160336045
341.350000000,331.710000000,0.313111278,47.235454549
341.500000000,331.860000000,0.649320233,47.060690943
341.600000000,331.960000000,1.060007507,47.356347962
341.750000000,332.110000000,0.414271027,47.817578328
341.850000000,332.210000000,0.725904080,47.626651952
342.000000000,332.360000000,0.932298142,47.662763487
342.100000000,332.460000000,1.405907572,47.209660434
342.250000000,332.610000000,0.800278751,47.334861038
342.350000000,332.710000000,0.909133399,47.316824461
342.500000000,332.860000000,1.550022985,47.097598369
342.600000000,332.960000000,0.751133493,46.981069789
342.750000000,333.110000000,0.581262167,46.556325302
342.850000000,333.210000000,0.026162130,47.134261385
343.000000000,333.360000000,0.619608355,46.892489835
343.100000000,333.460000000,1.805710125,46.809283931
343.250000000,333.610000000,1.187505203,46.713360306
343.350000000,333.710000000,1.656278617,47.009308446
343.500000000,333.860000000,2.305279385,47.082756839
343.600000000,333.960000000,2.369205840,47.444739275
343.750000000,334.110000000,2.221577878,47.942181458
343.850000000,334.210000000,2.136926966,47.157460719
344.000000000,334.360000000,1.981574751,47.103628660
344.100000000,334.460000000,1.921237678,46.570382854
344.250000000,334.610000000,1.789839692,46.511502657
344.350000000,334.710000000,2.432189860,47.106589690
344.500000000,334.860000000,2.126123332,46.293112165
344.600000000,334.960000000,1.732096447,46.239319785
344.750000000,335.110000000,3.110286819,46.812372616
344.850000000,335.210000000,3.044101175,47.045137239
345.000000000,335.360000000,3.329046778,47.378497704
345.100000000,335.460000000,2.868860417,47.653116911
345.250000000,335.610000000,3.205028352,47.987332892
345.350000000,335.710000000,2.666468649,47.099605144
345.500000000,335.860000000,3.172386154,46.647299642
345.600000000,335.960000000,3.198797243,46.474588035
345.750000000,336.110000000,2.836074795,46.870846602
345.850000000,336.210000000,3.247886448,46.826527508
346.000000000,336.360000000,3.464167482,46.247367924
346.100000000,336.460000000,3.827276073,46.522013226
346.250000000,336.610000000,3.581268932,46.307603471
346.350000000,336.710000000,4.148519534,46.508752373
346.500000000,336.860000000,4.561790005,46.028929597
346.600000000,336.960000000,3.821908270,46.016909575
346.750000000,337.110000000,4.004530783,45.716573880
346.850000000,337.210000000,4.440478875,46.201504137
347.000000000,337.360000000,4.591966879,46.152142852
347.100000000,337.460000000,4.420563315,46.226608189
347.250000000,337.610000000,5.279722537,45.571986412
347.350000000,337.710000000,5.261943038,44.857121591
347.500000000,337.860000000,5.137887245,45.790801187
347.600000000,337.960000000,5.445870934,45.913232862
347.750000000,338.110000000,5.535312003,45.613958029
347.850000000,338.210000000,5.503292270,45.150567709
348.000000000,338.360000000,5.703052563,45.407330104
348.100000000,338.460000000,5.312112079,45.758069937
348.250000000,338.610000000,5.680060441,45.331163811
348.350000000,338.710000000,5.463298542,46.092042226
348.500000000,338.860000000,5.694751206,46.064850359
348.600000000,338.960000000,5.940665795,45.527304935
348.750000000,339.110000000,5.396516882,45.604002426
348.850000000,339.210000000,5.514857426,44.683738008
349.000000000,339.360000000,5.521524846,44.767550783
349.100000000,339.460000000,6.319899992,45.057453112
349.250000000,339.610000000,6.587668283,45.357398852
349.350000000,339.710000000,6.771036902,45.126795601
349.500000000,339.860000000,6.438066193,45.289220911
349.600000000,339.960000000,6.163600568,45.194269149
349.750000000,340.110000000,6.424586183,45.188724357
349.850000000,340.210000000,7.232540854,44.958082194
350.000000000,340.360000000,7.575512485,44.196795614
350.100000000,340.460000000,7.065116604,44.776318538
350.250000000,340.610000000,6.877741617,44.848904543
350.350000000,340.710000000,7.260919182,44.055258822
350.500000000,340.860000000,8.424710164,44.485011916
350.600000000,340.960000000,8.451890851,44.475542483
350.750000000,341.110000000,8.077765975,44.636614661
350.850000000,341.210000000,8.330071452,44.274084836
351.000000000,341.360000000,8.160076499,44.842834012
351.100000000,341.460000000,7.794147348,44.778589314
351.250000000,341.610000000,7.943265951,44.270221666
351.350000000,341.710000000,7.706134096,44.225969722
351.500000000,341.860000000,8.239625755,43.942703706
351.600000000,341.960000000,8.294410031,44.112875347
351.750000000,342.110000000,7.687113604,44.202260341
351.850000000,342.210000000,8.275252413,43.696728980
352.000000000,342.360000000,7.620545264,44.339146426
352.100000000,342.460000000,8.489579559,44.542458799
352.250000000,342.610000000,8.639854760,44.227901481
352.350000000,342.710000000,8.562913529,44.814767249
352.500000000,342.860000000,9.170375004,44.425726306
352.600000000,342.960000000,9.380322668,44.338540992
352.750000000,343.110000000,9.409601457,44.514620733
352.850000000,343.210000000,9.718628540,44.427232631
353.000000000,343.360000000,9.944268320,44.827913630
353.100000000,343.460000000,10.042620191,44.202410582
353.250000000,343.610000000,10.223580612,44.818867539
353.350000000,343.710000000,9.884161745,44.072058666
353.500000000,343.860000000,10.582559235,43.719319509
353.600000000,343.960000000,9.805527914,43.703485042
353.750000000,344.110000000,9.918199615,44.059809851
353.850000000,344.210000000,10.167657797,43.899600666
354.000000000,344.360000000,11.224607505,43.661469035
354.100000000,344.460000000,11.144095497,43.308385167
354.250000000,344.610000000,11.126578284,44.343425812
354.350000000,344.710000000,10.557286021,44.072600812
354.500000000,344.860000000,10.488651267,43.517510309
354.600000000,344.960000000,10.576786811,43.516521662
369.650000000,360.010000000,23.497984477,38.506905049
369.750000000,360.110000000,23.198422087,38.263840019
369.850000000,360.210000000,23.189083148,38.455960423
370.000000000,360.360000000,23.494184878,38.019465700
370.100000000,360.460000000,23.774262032,38.188166061
370.250000000,360.610000000,24.374434823,37.870190287
370.350000000,360.710000000,24.141803608,38.238599933
370.500000000,360.860000000,24.009045640,37.998636590
370.600000000,360.960000000,24.518887148,37.466159938
370.750000000,361.110000000,23.928691261,37.541337310
370.850000000,361.210000000,23.821318043,38.197270502
371.000000000,361.360000000,23.617370462,38.038973419
371.100000000,361.460000000,24.137405229,38.265158626
371.250000000,361.610000000,24.398295070,38.173594357
371.350000000,361.710000000,24.145371264,37.487389514
371.500000000,361.860000000,24.970566992,38.384232787
371.600000000,361.960000000,25.131343472,37.954278750
371.750000000,362.110000000,25.132390441,37.324793996
371.850000000,362.210000000,25.010874683,38.127054450
372.000000000,362.360000000,25.337689300,38.334981604
372.100000000,362.460000000,25.158410002,37.514048315
372.250000000,362.610000000,25.736439519,37.121423269
372.350000000,362.710000000,25.210317330,37.314019365
372.500000000,362.860000000,25.473994017,38.422358177
372.600000000,362.960000000,25.615829848,38.298757087
372.750000000,363.110000000,26.083388789,37.354233786
372.850000000,363.210000000,26.379043330,37.230322324
373.000000000,363.360000000,26.052842223,37.357614384
373.100000000,363.460000000,26.246725320,37.029642372
373.250000000,363.610000000,26.282028799,37.402891620
373.350000000,363.710000000,26.507860548,37.120068422
373.500000000,363.860000000,26.881969720,36.540318403
373.600000000,363.960000000,26.592855308,36.510150215
373.750000000,364.110000000,26.940270409,36.692221508
373.850000000,364.210000000,27.513821457,36.853621146
374.000000000,364.360000000,27.114944018,37.466595981
374.100000000,364.460000000,26.799313268,37.277523004
374.250000000,364.610000000,27.330761632,37.402561921
374.350000000,364.710000000,26.629046144,36.360973213
374.500000000,364.860000000,27.213280232,35.833877108
374.600000000,364.960000000,27.658962749,36.252179239
374.750000000,365.110000000,27.470000609,36.123780949
374.850000000,365.210000000,27.969790186,36.614561633
375.000000000,365.360000000,28.331292926,36.481082812
375.100000000,365.460000000,28.186626151,36.396172630
375.250000000,365.610000000,27.667360199,36.841059015
375.350000000,365.710000000,27.709521669,36.333063048
375.500000000,365.860000000,27.436288561,37.245853190
375.600000000,365.960000000,28.055598414,36.302265595
375.750000000,366.110000000,28.108750161,36.541186071
375.850000000,366.210000000,28.071252119,36.351115366
376.000000000,366.360000000,29.178258793,36.901327573
376.100000000,366.460000000,29.026589123,36.653927443
376.250000000,366.610000000,28.641758049,35.835103626
376.350000000,366.710000000,28.721809903,36.005214253
376.500000000,366.860000000,28.784700685,36.043204689
376.600000000,366.960000000,28.758651841,36.232542190
376.750000000,367.110000000,29.303875282,36.813140482
376.850000000,367.210000000,28.453788411,36.475238930
377.000000000,367.360000000,28.907206059,36.060478647
377.100000000,367.460000000,29.387950099,35.985258552
377.250000000,367.610000000,29.238037939,34.992312603
377.350000000,367.710000000,29.804325147,34.847761140
377.500000000,367.860000000,29.734104427,35.329142101
377.600000000,367.960000000,29.885010353,35.312766270
377.750000000,368.110000000,30.315233145,35.636048609
377.850000000,368.210000000,29.953400205,35.990133743
378.000000000,368.360000000,30.221171698,35.725065649
378.100000000,368.460000000,30.181387194,35.643537990
378.250000000,368.610000000,29.906358140,34.897368629
378.350000000,368.710000000,30.032514701,34.743937616
378.500000000,368.860000000,30.613071561,35.018368852
378.600000000,368.960000000,31.386533086,35.381430806
378.750000000,369.110000000,30.969690363,35.734417752
378.850000000,369.210000000,31.170700416,35.320372569
379.000000000,369.360000000,31.334409390,35.950256688
379.100000000,369.460000000,31.071148514,36.083179928
379.250000000,369.610000000,31.464800148,35.801438596
379.350000000,369.710000000,31.356558645,35.275466679
379.500000000,369.860000000,31.402276356,34.970017169
379.600000000,369.960000000,31.742627745,35.624586926
379.750000000,370.110000000,31.197508990,34.270934022
379.850000000,370.210000000,31.036087856,34.772096994
380.000000000,370.360000000,31.203659261,34.611143390
380.100000000,370.460000000,31.825785816,34.873897135
380.250000000,370.610000000,32.531291961,34.345878726
380.350000000,370.710000000,32.977343021,34.642608378
380.500000000,370.860000000,32.638338021,34.749119701
380.600000000,370.960000000,32.193320534,34.374841136
380.750000000,371.110000000,33.033660276,34.777549496
380.850000000,371.210000000,33.389565762,34.214319382
381.000000000,371.360000000,32.925904904,35.228862278
381.100000000,371.460000000,32.744488523,34.506257161
381.250000000,371.610000000,32.610935134,34.977799058
381.350000000,371.710000000,32.726586627,34.136774496
381.500000000,371.860000000,33.387599007,33.997675431
381.600000000,371.960000000,34.068090161,34.163129935
381.750000000,372.110000000,33.526035919,34.244804380
381.850000000,372.210000000,32.870015644,34.835345832
382.000000000,372.360000000,32.895655465,34.021638972
382.100000000,372.460000000,33.550433819,34.279592859
382.250000000,372.610000000,33.605737804,34.857365885
382.350000000,372.710000000,34.228371544,34.601741308
382.500000000,372.860000000,34.765137367,34.687319070
382.600000000,372.960000000,34.471658466,34.512332422
382.750000000,373.110000000,34.136470701,34.273785173
382.850000000,373.210000000,34.134403782,34.275824290
383.000000000,373.360000000,34.205285923,33.928558733
383.100000000,373.460000000,33.617455162,33.841912410
383.250000000,373.610000000,33.837875646,33.717316008
383.350000000,373.710000000,34.846577600,33.697682375
383.500000000,373.860000000,35.151423942,34.345096000
383.600000000,373.960000000,34.429727222,34.074084833
383.750000000,374.110000000,34.609635994,33.524926178
383.850000000,374.210000000,34.854589747,33.547754936
384.000000000,374.360000000,35.130550682,33.111088187
384.100000000,374.460000000,35.871574865,33.469816722
384.250000000,374.610000000,35.963290257,33.427515673
384.350000000,374.710000000,35.549519292,33.226791183
384.500000000,374.860000000,35.703994267,33.734565073
384.600000000,374.960000000,35.849137220,33.645315981
