stamp_sec,elapsed_sec,latitude_deg,longitude_deg,altitude_m,local_east_m,local_north_m,utm_easting_m,utm_northing_m,map_x_m,map_y_m,navsat_status,valid_fix,covariance_xx_m2,covariance_yy_m2,last_reached_wp,active_target_wp,segment_start_wp,segment_end_wp,segment_label,rmse_used,cross_track_error_m,signed_cross_track_error_m,along_track_m,projection_unclamped,metric_frame,noise_active,noise_east_m,noise_north_m,outage_active,outage_distance_m
1788857789.7324667,0.05159401893615723,21.0356834,105.8682072,-16.645,-6.014295596127929,-2.4479637424008067,590212.8612085343,2326342.1815878926,-0.2803798019886017,0.1162132304161787,0,1,4.0,4.0,0,1,,,approach_to_wp1,0,,,,,,0,0.0,0.0,0,0.0
1788857789.829903,0.14903020858764648,21.0356834,105.8682073,-16.629,-6.003901031248485,-2.4479637424008067,590212.871599835,2326342.1816444164,-0.28069624165073037,0.1265998656162992,0,1,4.0,4.0,0,1,,,approach_to_wp1,0,,,,,,0,0.0,0.0,0,0.0
1788857789.9328191,0.25194644927978516,21.035683499999998,105.8682073,-16.615,-6.003901031248485,-2.436891993464621,590212.8715396279,2326342.192712687,-0.29175954265519977,0.1262628099648282,0,1,4.0,4.0,0,1,,,approach_to_wp1,0,,,,,,0,0.0,0.0,0,0.0
1788857790.030369,0.34949636459350586,21.0356836,105.8682073,-16.597,-6.003901031248485,-2.4258202441762924,590212.8714794209,2326342.203780957,-0.3028228431940079,0.1259257544297725,0,1,4.0,4.0,0,1,,,approach_to_wp1,0,,,,,,0,0.0,0.0,0,0.0
1788857790.1336915,0.4528188705444336,21.0356837,105.86820739999999,-16.586,-5.993506466369039,-2.414748494887964,590212.8818105144,2326342.214905752,-0.31420258432626724,0.13597533374559134,0,1,4.0,4.0,0,1,,,approach_to_wp1,0,,,,,,0,0.0,0.0,0,0.0
1788857790.2297187,0.5488460063934326,21.0356837,105.8682075,-16.57,-5.983111900012438,-2.414748494887964,590212.8922018163,2326342.2149622766,-0.3145190249197185,0.1463619702262804,0,1,4.0,4.0,0,1,,,approach_to_wp1,0,,,,,,0,0.0,0.0,0,0.0
1788857790.3299239,0.6490511894226074,21.035683799999997,105.8682075,-16.556,-5.983111900012438,-2.403676745951778,590212.8921416092,2326342.2260305462,-0.32558232452720404,0.14602491445839405,0,1,4.0,4.0,0,1,,,approach_to_wp1,0,,,,,,0,0.0,0.0,0,0.0
1788857790.436106,0.7552332878112793,21.0356839,105.86820759999999,-16.542,-5.972717335132993,-2.3926049966634495,590212.9024727015,2326342.237155341,-0.3369620661251247,0.156074492726475,0,1,4.0,4.0,0,1,,,approach_to_wp1,0,,,,,,0,0.0,0.0,0,0.0
1788857790.531752,0.850879430770874,21.0356839,105.86820759999999,-16.528,-5.972717335132993,-2.3926049966634495,590212.9024727015,2326342.237155341,-0.3369620661251247,0.156074492726475,0,1,4.0,4.0,0,1,,,approach_to_wp1,0,,,,,,0,0.0,0.0,0,0.0
1788857790.629963,0.9490902423858643,21.035684,105.86820759999999,-16.515,-5.972717335132993,-2.381533247375121,590212.9024124944,2326342.2482236116,-0.3480253666639328,0.15573743695858866,0,1,4.0,4.0,0,1,,,approach_to_wp1,0,,,,,,0,0.0,0.0,0,0.0
1788857790.732945,1.052072286605835,21.035684099999997,105.8682077,-16.499,-5.962322768776391,-2.370461498438935,590212.9127435891,2326342.2593484055,-0.3594051073305309,0.16578701767139137,0,1,4.0,4.0,0,1,,,approach_to_wp1,0,,,,,,0,0.0,0.0,0,0.0
1788857790.8300111,1.1491384506225586,21.035684099999997,105.8682077,-16.486,-5.962322768776391,-2.370461498438935,590212.9127435891,2326342.2593484055,-0.3594051073305309,0.16578701767139137,0,1,4.0,4.0,0,1,,,approach_to_wp1,0,,,,,,0,0.0,0.0,0,0.0
1788857790.9311833,1.2503106594085693,21.0356842,105.8682078,-16.473,-5.951928203896945,-2.3593897491506066,590212.9230746827,2326342.2704732013,-0.37078484892845154,0.17583659710362554,0,1,4.0,4.0,0,1,,,approach_to_wp1,0,,,,,,0,0.0,0.0,0,0.0
1788857791.0305095,1.3496367931365967,21.0356843,105.8682078,-16.457,-5.951928203896945,-2.348317999862278,590212.9230144755,2326342.281541472,-0.3818481503985822,0.1754995413357392,0,1,4.0,4.0,0,1,,,approach_to_wp1,0,,,,,,0,0.0,0.0,0,0.0
1788857791.1314316,1.4505589008331299,21.035684399999997,105.8682079,-16.441,-5.941533637540344,-2.3372462509260923,590212.9333455703,2326342.292666266,-0.3932278910651803,0.1855491220485419,0,1,4.0,4.0,0,1,,,approach_to_wp1,0,,,,,,0,0.0,0.0,0,0.0
1788857791.2276003,1.5467276573181152,21.035684399999997,105.8682079,-16.426,-5.941533637540344,-2.3372462509260923,590212.9333455703,2326342.292666266,-0.3932278910651803,0.1855491220485419,0,1,4.0,4.0,0,1,,,approach_to_wp1,0,,,,,,0,0.0,0.0,0,0.0
1788857791.3326297,1.651757001876831,21.0356845,105.868208,-16.412,-5.9311390726608995,-2.3261745016377637,590212.9436766625,2326342.3037910606,-0.4046076312661171,0.1955987000837922,0,1,4.0,4.0,0,1,,,approach_to_wp1,0,,,,,,0,0.0,0.0,0,0.0
1788857791.4348595,1.7539868354797363,21.0356846,105.868208,-16.399,-5.9311390726608995,-2.315102752349435,590212.9436164554,2326342.3148593316,-0.41567093320190907,0.1952616444323212,0,1,4.0,4.0,0,1,,,approach_to_wp1,0,,,,,,0,0.0,0.0,0,0.0
1788857791.5317204,1.8508477210998535,21.035684699999997,105.86820809999999,-16.384,-5.920744507781454,-2.3040310034132494,590212.9539475488,2326342.3259841255,-0.42705067293718457,0.20531122363172472,0,1,4.0,4.0,0,1,,,approach_to_wp1,0,,,,,,0,0.0,0.0,0,0.0
1788857791.6304832,1.9496104717254639,21.035684699999997,105.86820809999999,-16.37,-5.920744507781454,-2.3040310034132494,590212.9539475488,2326342.3259841255,-0.42705067293718457,0.20531122363172472,0,1,4.0,4.0,0,1,,,approach_to_wp1,0,,,,,,0,0.0,0.0,0,0.0
1788857791.7323914,2.051518678665161,21.0356848,105.86820809999999,-16.356,-5.920744507781454,-2.292959254124921,590212.9538873417,2326342.3370523965,-0.43811397487297654,0.2049741679802537,0,1,4.0,4.0,0,1,,,approach_to_wp1,0,,,,,,0,0.0,0.0,0,0.0
1788857791.8300114,2.1491386890411377,21.0356849,105.8682082,-16.342,-5.910349941424853,-2.2818875048365923,590212.9642184364,2326342.3481771913,-0.4494937160052359,0.21502374857664108,0,1,4.0,4.0,0,1,,,approach_to_wp1,0,,,,,,0,0.0,0.0,0,0.0
1788857791.9326923,2.251819610595703,21.035684999999997,105.8682082,-16.329,-5.910349941424853,-2.2708157559004065,590212.9641582293,2326342.3592454605,-0.46055701561272144,0.21468669292517006,0,1,4.0,4.0,0,1,,,approach_to_wp1,0,,,,,,0,0.0,0.0,0,0.0
1788857792.0294478,2.3485751152038574,21.035684999999997,105.86820829999999,-16.316,-5.8999553765454085,-2.2708157559004065,590212.9745495297,2326342.3593019852,-0.4608734562061727,0.22507332789245993,0,1,4.0,4.0,0,1,,,approach_to_wp1,0,,,,,,0,0.0,0.0,0,0.0
1788857792.1304955,2.449622869491577,21.0356851,105.86820829999999,-16.302,-5.8999553765454085,-2.259744006612078,590212.9744893226,2326342.3703702562,-0.4719367576763034,0.2247362721245736,0,1,4.0,4.0,0,1,,,approach_to_wp1,0,,,,,,0,0.0,0.0,0,0.0
1788857792.2315805,2.5507078170776367,21.0356852,105.8682084,-16.289,-5.889560810188806,-2.2486722573237494,590212.984820416,2326342.381495051,-0.48331649834290147,0.23478585144039243,0,1,4.0,4.0,0,1,,,approach_to_wp1,0,,,,,,0,0.0,0.0,0,0.0
1788857792.3316045,2.6507318019866943,21.0356852,105.8682084,-16.275,-5.889560810188806,-2.2486722573237494,590212.984820416,2326342.381495051,-0.48331649834290147,0.23478585144039243,0,1,4.0,4.0,0,1,,,approach_to_wp1,0,,,,,,0,0.0,0.0,0,0.0
1788857792.436209,2.755336284637451,21.0356853,105.8682084,-16.263,-5.889560810188806,-2.237600508035421,590212.9847602089,2326342.3925633216,-0.49437979981303215,0.2344487956725061,0,1,4.0,4.0,0,1,,,approach_to_wp1,0,,,,,,0,0.0,0.0,0,0.0
1788857792.5327,2.851827383041382,21.0356854,105.8682085,-16.251,-5.879166245309361,-2.226528759099235,590212.9950913022,2326342.403688116,-0.505759540013969,0.24449837498832494,0,1,4.0,4.0,0,1,,,approach_to_wp1,0,,,,,,0,0.0,0.0,0,0.0
1788857792.6300733,2.9492006301879883,21.0356854,105.8682085,-16.238,-5.879166245309361,-2.226528759099235,590212.9950913022,2326342.403688116,-0.505759540013969,0.24449837498832494,0,1,4.0,4.0,0,1,,,approach_to_wp1,0,,,,,,0,0.0,0.0,0,0.0
1788857792.734348,3.0534753799438477,21.0356855,105.86820859999999,-16.226,-5.868771680429917,-2.2154570098109065,590213.0054223955,2326342.4148129113,-0.5171392820775509,0.25454795418772846,0,1,4.0,4.0,0,1,,,approach_to_wp1,0,,,,,,0,0.0,0.0,0,0.0
1788857792.8305068,3.1496341228485107,21.0356856,105.86820859999999,-16.214,-5.868771680429917,-2.204385260522578,590213.0053621884,2326342.4258811814,-0.528202582616359,0.25421089853625745,0,1,4.0,4.0,0,1,,,approach_to_wp1,0,,,,,,0,0.0,0.0,0,0.0
1788857792.9314642,3.250591516494751,21.0356856,105.8682087,-16.2,-5.858377114073315,-2.204385260522578,590213.0157534902,2326342.4259377057,-0.5285190222784877,0.26459753466770053,0,1,4.0,4.0,0,1,,,approach_to_wp1,0,,,,,,0,0.0,0.0,0,0.0
1788857793.0276432,3.3467705249786377,21.0356857,105.8682087,-16.187,-5.858377114073315,-2.193313511586392,590213.015693283,2326342.4370059757,-0.5395823232829571,0.2642604790162295,0,1,4.0,4.0,0,1,,,approach_to_wp1,0,,,,,,0,0.0,0.0,0,0.0
1788857793.1342237,3.4533510208129883,21.0356858,105.86820879999999,-16.173,-5.847982549193869,-2.1822417622980637,590213.026024375,2326342.4481307715,-0.5509620648808777,0.2743100568186492,0,1,4.0,4.0,0,1,,,approach_to_wp1,0,,,,,,0,0.0,0.0,0,0.0
1788857793.2308877,3.5500149726867676,21.0356859,105.86820879999999,-16.16,-5.847982549193869,-2.171170013009735,590213.0259641679,2326342.4591990416,-0.5620253654196858,0.27397300116717815,0,1,4.0,4.0,0,1,,,approach_to_wp1,0,,,,,,0,0.0,0.0,0,0.0
1788857793.3325868,3.6517140865325928,21.0356859,105.86820879999999,-16.148,-5.847982549193869,-2.171170013009735,590213.0259641679,2326342.4591990416,-0.5620253654196858,0.27397300116717815,0,1,4.0,4.0,0,1,,,approach_to_wp1,0,,,,,,0,0.0,0.0,0,0.0
1788857793.436655,3.75578236579895,21.035686,105.8682089,-16.134,-5.837587982837268,-2.1600982640735493,590213.0362952624,2326342.470323836,-0.5734051065519452,0.2840225815307349,0,1,4.0,4.0,0,1,,,approach_to_wp1,0,,,,,,0,0.0,0.0,0,0.0
1788857793.53143,3.850557327270508,21.035686,105.8682089,-16.122,-5.837587982837268,-2.1600982640735493,590213.0362952624,2326342.470323836,-0.5734051065519452,0.2840225815307349,0,1,4.0,4.0,0,1,,,approach_to_wp1,0,,,,,,0,0.0,0.0,0,0.0
1788857793.630541,3.9496684074401855,21.0356861,105.868209,-16.108,-5.827193417957823,-2.1490265147852208,590213.0466263557,2326342.481448631,-0.5847848472185433,0.29407216084655374,0,1,4.0,4.0,0,1,,,approach_to_wp1,0,,,,,,0,0.0,0.0,0,0.0
1788857793.7337513,4.0528786182403564,21.0356862,105.868209,-16.096,-5.827193417957823,-2.1379547654968922,590213.0465661485,2326342.492516901,-0.5958481482230127,0.2937351049622521,0,1,4.0,4.0,0,1,,,approach_to_wp1,0,,,,,,0,0.0,0.0,0,0.0
1788857793.8310394,4.150166749954224,21.0356862,105.868209,-16.082,-5.827193417957823,-2.1379547654968922,590213.0465661485,2326342.492516901,-0.5958481482230127,0.2937351049622521,0,1,4.0,4.0,0,1,,,approach_to_wp1,0,,,,,,0,0.0,0.0,0,0.0
1788857793.9311001,4.250227451324463,21.0356863,105.8682091,-16.071,-5.816798851601222,-2.1268830165607064,590213.0568972431,2326342.5036416957,-0.6072278888896108,0.30378468555863947,0,1,4.0,4.0,0,1,,,approach_to_wp1,0,,,,,,0,0.0,0.0,0,0.0
1788857794.032721,4.351848363876343,21.0356864,105.8682091,-16.061,-5.816798851601222,-2.115811267272378,590213.0568370359,2326342.5147099667,-0.6182911908254027,0.3034476296743378,0,1,4.0,4.0,0,1,,,approach_to_wp1,0,,,,,,0,0.0,0.0,0,0.0
1788857794.132474,4.451601266860962,21.0356864,105.8682092,-16.045,-5.806404286721777,-2.115811267272378,590213.067228335,2326342.514766491,-0.6186076309531927,0.3138342632446438,0,1,4.0,4.0,0,1,,,approach_to_wp1,0,,,,,,0,0.0,0.0,0,0.0
1788857794.2320518,4.5511791706085205,21.0356865,105.8682092,-16.033,-5.806404286721777,-2.1047395179840493,590213.0671681277,2326342.5258347616,-0.6296709319576621,0.31349720747675747,0,1,4.0,4.0,0,1,,,approach_to_wp1,0,,,,,,0,0.0,0.0,0,0.0
1788857794.3340762,4.65320348739624,21.0356866,105.86820929999999,-16.021,-5.796009721842331,-2.0936677690478636,590213.077499221,2326342.536959556,-0.6410506721585989,0.32354678655974567,0,1,4.0,4.0,0,1,,,approach_to_wp1,0,,,,,,0,0.0,0.0,0,0.0
1788857794.4360406,4.7551679611206055,21.0356867,105.86820929999999,-16.009,-5.796009721842331,-2.082596019759535,590213.0774390138,2326342.5480278265,-0.6521139736287296,0.32320973079185933,0,1,4.0,4.0,0,1,,,approach_to_wp1,0,,,,,,0,0.0,0.0,0,0.0
1788857794.5335326,4.8526599407196045,21.0356868,105.8682094,-15.995,-5.78561515548573,-2.0715242704712065,590213.0877701082,2326342.5591526213,-0.6634937142953277,0.33325931115541607,0,1,4.0,4.0,0,1,,,approach_to_wp1,0,,,,,,0,0.0,0.0,0,0.0
1788857794.6319134,4.951040744781494,21.035686899999998,105.8682094,-15.982,-5.78561515548573,-2.0604525215350207,590213.087709901,2326342.570220891,-0.6745570148341358,0.33292225538752973,0,1,4.0,4.0,0,1,,,approach_to_wp1,0,,,,,,0,0.0,0.0,0,0.0
1788857794.73287,5.051997423171997,21.035686899999998,105.86820949999999,-15.971,-5.775220590606284,-2.0604525215350207,590213.0981012015,2326342.5702774157,-0.674873455427587,0.3433088902384043,0,1,4.0,4.0,0,1,,,approach_to_wp1,0,,,,,,0,0.0,0.0,0,0.0
1788857794.8295174,5.148644685745239,21.035687,105.86820949999999,-15.959,-5.775220590606284,-2.049380772246692,590213.0980409943,2326342.5813456867,-0.6859367564320564,0.34297183447051793,0,1,4.0,4.0,0,1,,,approach_to_wp1,0,,,,,,0,0.0,0.0,0,0.0
1788857794.9330423,5.252169609069824,21.0356871,105.8682096,-15.95,-5.7648260242496825,-2.0383090229583636,590213.1083720874,2326342.5924704815,-0.6973164980299771,0.3530214134370908,0,1,4.0,4.0,0,1,,,approach_to_wp1,0,,,,,,0,0.0,0.0,0,0.0
1788857795.0314872,5.350614547729492,21.035687199999998,105.8682096,-15.935,-5.7648260242496825,-2.027237274022178,590213.1083118801,2326342.6035387516,-0.7083797985687852,0.3526843576692045,0,1,4.0,4.0,0,1,,,approach_to_wp1,0,,,,,,0,0.0,0.0,0,0.0
1788857795.1321564,5.451283693313599,21.0356873,105.8682097,-15.922,-5.754431459370238,-2.0161655247338492,590213.1186429732,2326342.6146635464,-0.7197595392353833,0.36273393663577735,0,1,4.0,4.0,0,1,,,approach_to_wp1,0,,,,,,0,0.0,0.0,0,0.0
1788857795.2324994,5.551626682281494,21.0356874,105.8682097,-15.911,-5.754431459370238,-2.0050937754455207,590213.118582766,2326342.6257318165,-0.7308228402398527,0.362396880867891,0,1,4.0,4.0,0,1,,,approach_to_wp1,0,,,,,,0,0.0,0.0,0,0.0
1788857795.3328843,5.6520116329193115,21.035687499999998,105.86820979999999,-15.896,-5.744036894490793,-1.994022026509335,590213.1289138591,2326342.6368566114,-0.7422025809064507,0.3724464598344639,0,1,4.0,4.0,0,1,,,approach_to_wp1,0,,,,,,0,0.0,0.0,0,0.0
1788857795.4370806,5.7562079429626465,21.0356876,105.8682099,-15.882,-5.7336423281341915,-1.9829502772210064,590213.1392449536,2326342.6479814067,-0.7535823229700327,0.38249604019802064,0,1,4.0,4.0,0,1,,,approach_to_wp1,0,,,,,,0,0.0,0.0,0,0.0
1788857795.5349114,5.854038715362549,21.0356877,105.8682099,-15.865,-5.7336423281341915,-1.9718785279326776,590213.1391847463,2326342.659049677,-0.7646456235088408,0.382158984313719,0,1,4.0,4.0,0,1,,,approach_to_wp1,0,,,,,,0,0.0,0.0,0,0.0
1788857795.6303456,5.949472904205322,21.035687799999998,105.86820999999999,-15.853,-5.723247763254747,-1.960806778996492,590213.1495158381,2326342.670174472,-0.7760253646411002,0.3922085619997233,0,1,4.0,4.0,0,1,,,approach_to_wp1,0,,,,,,0,0.0,0.0,0,0.0
1788857795.7315361,6.050663471221924,21.0356879,105.86820999999999,-15.837,-5.723247763254747,-1.9497350297081635,590213.1494556308,2326342.6812427416,-0.7870886651799083,0.39187150611542165,0,1,4.0,4.0,0,1,,,approach_to_wp1,0,,,,,,0,0.0,0.0,0,0.0
1788857795.8323789,6.151506185531616,21.035688,105.8682101,-15.823,-5.712853196898146,-1.9386632804198347,590213.1597867252,2326342.692367537,-0.7984684063121676,0.4019210863625631,0,1,4.0,4.0,0,1,,,approach_to_wp1,0,,,,,,0,0.0,0.0,0,0.0
1788857795.9323733,6.251500606536865,21.0356882,105.8682101,-15.808,-5.712853196898146,-1.9165197821953206,590213.1596663106,2326342.7145040776,-0.8205950083211064,0.40124697471037507,0,1,4.0,4.0,0,1,,,approach_to_wp1,0,,,,,,0,0.0,0.0,0,0.0
1788857796.0316916,6.350818872451782,21.0356883,105.8682102,-15.795,-5.702458632018699,-1.9054480329069918,590213.1699974037,2326342.7256288724,-0.8319747494533658,0.41129655367694795,0,1,4.0,4.0,0,1,,,approach_to_wp1,0,,,,,,0,0.0,0.0,0,0.0
1788857796.1342661,6.453393459320068,21.035688399999998,105.8682102,-15.782,-5.702458632018699,-1.8943762839708063,590213.1699371964,2326342.7366971425,-0.8430380499921739,0.4109594977926463,0,1,4.0,4.0,0,1,,,approach_to_wp1,0,,,,,,0,0.0,0.0,0,0.0
1788857796.2317097,6.55083703994751,21.0356885,105.8682103,-15.77,-5.692064065662097,-1.8833045346824777,590213.1802682907,2326342.747821938,-0.8544177911244333,0.4210090779233724,0,1,4.0,4.0,0,1,,,approach_to_wp1,0,,,,,,0,0.0,0.0,0,0.0
1788857796.333129,6.65225625038147,21.0356886,105.8682103,-15.76,-5.692064065662097,-1.872232785394149,590213.1802080835,2326342.758890208,-0.8654810921289027,0.42067202215548605,0,1,4.0,4.0,0,1,,,approach_to_wp1,0,,,,,,0,0.0,0.0,0,0.0
1788857796.4383957,6.757523059844971,21.0356888,105.8682104,-15.751,-5.681669500782653,-1.8500892871696348,590213.1904789677,2326342.7810832732,-0.8879241342656314,0.4303845437243581,0,1,4.0,4.0,0,1,,,approach_to_wp1,0,,,,,,0,0.0,0.0,0,0.0
1788857796.5324516,6.851578950881958,21.0356889,105.8682104,-15.738,-5.681669500782653,-1.839017537881306,590213.1904187605,2326342.792151544,-0.8989874352701008,0.4300474878400564,0,1,4.0,4.0,0,1,,,approach_to_wp1,0,,,,,,0,0.0,0.0,0,0.0
1788857796.6296318,6.948759078979492,21.035688999999998,105.86821049999999,-15.727,-5.671274935903208,-1.8279457889451205,590213.2007498535,2326342.803276338,-0.9103671759366989,0.4400970668066293,0,1,4.0,4.0,0,1,,,approach_to_wp1,0,,,,,,0,0.0,0.0,0,0.0
1788857796.73499,7.054117202758789,21.0356891,105.86821049999999,-15.716,-5.671274935903208,-1.816874039656792,590213.2006896462,2326342.814344608,-0.921430476475507,0.4397600108059123,0,1,4.0,4.0,0,1,,,approach_to_wp1,0,,,,,,0,0.0,0.0,0,0.0
1788857796.8307898,7.149917125701904,21.0356892,105.8682106,-15.702,-5.660880369546606,-1.8058022903684632,590213.2110207404,2326342.8254694035,-0.9328102180734277,0.44980959105305374,0,1,4.0,4.0,0,1,,,approach_to_wp1,0,,,,,,0,0.0,0.0,0,0.0
1788857796.9331534,7.2522807121276855,21.035689299999998,105.8682106,-15.691,-5.660880369546606,-1.7947305414322776,590213.2109605331,2326342.836537673,-0.9438735181465745,0.44947253505233675,0,1,4.0,4.0,0,1,,,approach_to_wp1,0,,,,,,0,0.0,0.0,0,0.0
1788857797.0318918,7.3510191440582275,21.0356895,105.86821069999999,-15.683,-5.650485804667161,-1.7725870428556203,590213.2212314187,2326342.858730739,-0.9663165607489645,0.4591850579017773,0,1,4.0,4.0,0,1,,,approach_to_wp1,0,,,,,,0,0.0,0.0,0,0.0
1788857797.1334884,7.452615737915039,21.035689599999998,105.8682108,-15.668,-5.64009123831056,-1.7615152939194347,590213.2315625115,2326342.869855534,-0.9776963018812239,0.46923463663551956,0,1,4.0,4.0,0,1,,,approach_to_wp1,0,,,,,,0,0.0,0.0,0,0.0
1788857797.231543,7.550670385360718,21.0356898,105.8682108,-15.656,-5.64009123831056,-1.7393717953427774,590213.231442097,2326342.891992074,-0.9998229029588401,0.46856052498333156,0,1,4.0,4.0,0,1,,,approach_to_wp1,0,,,,,,0,0.0,0.0,0,0.0
1788857797.3339467,7.653074026107788,21.035689899999998,105.8682109,-15.647,-5.6296966734311145,-1.7283000464065919,590213.2417731897,2326342.9031168693,-1.0112026445567608,0.4786101036006585,0,1,4.0,4.0,0,1,,,approach_to_wp1,0,,,,,,0,0.0,0.0,0,0.0
1788857797.43686,7.7559874057769775,21.03569,105.8682109,-15.638,-5.6296966734311145,-1.7172282971182633,590213.2417129825,2326342.914185139,-1.022265945095569,0.47827304783277214,0,1,4.0,4.0,0,1,,,approach_to_wp1,0,,,,,,0,0.0,0.0,0,0.0
1788857797.5319867,7.85111403465271,21.0356901,105.868211,-15.627,-5.619302107074513,-1.7061565478299345,590213.2520440767,2326342.925309934,-1.0336456862278283,0.4883226278470829,0,1,4.0,4.0,0,1,,,approach_to_wp1,0,,,,,,0,0.0,0.0,0,0.0
1788857797.632668,7.951795339584351,21.0356903,105.868211,-15.621,-5.619302107074513,-1.6840130496054204,590213.2519236619,2326342.947446475,-1.055772288236767,0.48764851584564894,0,1,4.0,4.0,0,1,,,approach_to_wp1,0,,,,,,0,0.0,0.0,0,0.0
1788857797.734402,8.053529262542725,21.0356904,105.868211,-15.611,-5.619302107074513,-1.6729413003170917,590213.2518634546,2326342.958514745,-1.0668355887755752,0.4873114599613473,0,1,4.0,4.0,0,1,,,approach_to_wp1,0,,,,,,0,0.0,0.0,0,0.0
1788857797.8317914,8.15091872215271,21.035690499999998,105.8682111,-15.603,-5.608907542195068,-1.661869551380906,590213.2621945475,2326342.9696395397,-1.0782153299078345,0.4973610386950895,0,1,4.0,4.0,0,1,,,approach_to_wp1,0,,,,,,0,0.0,0.0,0,0.0
1788857797.9345307,8.253658056259155,21.0356906,105.8682111,-15.597,-5.608907542195068,-1.6507978020925775,590213.2621343401,2326342.9807078103,-1.089278630912304,0.49702398281078786,0,1,4.0,4.0,0,1,,,approach_to_wp1,0,,,,,,0,0.0,0.0,0,0.0
1788857798.0318294,8.350956678390503,21.0356907,105.8682111,-15.592,-5.608907542195068,-1.6397260528042488,590213.2620741328,2326342.991776081,-1.1003419319167733,0.4966869269264862,0,1,4.0,4.0,0,1,,,approach_to_wp1,0,,,,,,0,0.0,0.0,0,0.0
1788857798.1346173,8.453744649887085,21.035690799999998,105.86821119999999,-15.581,-5.598512977315623,-1.6286543038680632,590213.2724052243,2326343.0029008756,-1.1117216730490327,0.5067365042632446,0,1,4.0,4.0,0,1,,,approach_to_wp1,0,,,,,,0,0.0,0.0,0,0.0
1788857798.2326198,8.55174708366394,21.0356909,105.86821119999999,-15.577,-5.598512977315623,-1.6175825545797347,590213.2723450168,2326343.0139691457,-1.1227849735878408,0.5063994482625276,0,1,4.0,4.0,0,1,,,approach_to_wp1,0,,,,,,0,0.0,0.0,0,0.0
1788857798.3326023,8.651729583740234,21.0356909,105.86821119999999,-15.57,-5.598512977315623,-1.6175825545797347,590213.2723450168,2326343.0139691457,-1.1227849735878408,0.5063994482625276,0,1,4.0,4.0,0,1,,,approach_to_wp1,0,,,,,,0,0.0,0.0,0,0.0
1788857798.434717,8.753844261169434,21.035691,105.86821119999999,-15.562,-5.598512977315623,-1.6065108052914059,590213.2722848095,2326343.0250374163,-1.1338482745923102,0.5060623922618106,0,1,4.0,4.0,0,1,,,approach_to_wp1,0,,,,,,0,0.0,0.0,0,0.0
1788857798.5345097,8.853636980056763,21.035691099999998,105.86821119999999,-15.555,-5.598512977315623,-1.5954390563552203,590213.2722246022,2326343.036105686,-1.144911574665457,0.5057253363775089,0,1,4.0,4.0,0,1,,,approach_to_wp1,0,,,,,,0,0.0,0.0,0,0.0
1788857798.6323009,8.951428174972534,21.0356912,105.86821119999999,-15.548,-5.598512977315623,-1.5843673070668918,590213.2721643948,2326343.0471739564,-1.1559748761355877,0.5053882804932073,0,1,4.0,4.0,0,1,,,approach_to_wp1,0,,,,,,0,0.0,0.0,0,0.0
1788857798.7359033,9.055030584335327,21.0356912,105.8682113,-15.54,-5.588118410959021,-1.5843673070668918,590213.2825556962,2326343.0472304816,-1.156291316729039,0.5157749162754044,0,1,4.0,4.0,0,1,,,approach_to_wp1,0,,,,,,0,0.0,0.0,0,0.0
1788857798.8319805,9.151107788085938,21.0356913,105.86821119999999,-15.531,-5.598512977315623,-1.573295557778563,590213.2721041874,2326343.0582422265,-1.1670381762087345,0.505051224376075,0,1,4.0,4.0,0,1,,,approach_to_wp1,0,,,,,,0,0.0,0.0,0,0.0
1788857798.9324868,9.251614093780518,21.035691399999997,105.86821119999999,-15.527,-5.598512977315623,-1.5622238088423774,590213.2720439801,2326343.0693104966,-1.178101477213204,0.5047141684917733,0,1,4.0,4.0,0,1,,,approach_to_wp1,0,,,,,,0,0.0,0.0,0,0.0
1788857799.0315094,9.350636720657349,21.0356915,105.86821119999999,-15.516,-5.598512977315623,-1.551152059554049,590213.2719837727,2326343.0803787676,-1.1891647786833346,0.5043771126074716,0,1,4.0,4.0,0,1,,,approach_to_wp1,0,,,,,,0,0.0,0.0,0,0.0
1788857799.1339715,9.453098773956299,21.0356916,105.86821119999999,-15.511,-5.598512977315623,-1.5400803102657201,590213.2719235654,2326343.0914470376,-1.200228079687804,0.5040400566067547,0,1,4.0,4.0,0,1,,,approach_to_wp1,0,,,,,,0,0.0,0.0,0,0.0
1788857799.230957,9.550084352493286,21.0356916,105.86821119999999,-15.506,-5.598512977315623,-1.5400803102657201,590213.2719235654,2326343.0914470376,-1.200228079687804,0.5040400566067547,0,1,4.0,4.0,0,1,,,approach_to_wp1,0,,,,,,0,0.0,0.0,0,0.0
1788857799.3314617,9.650588989257812,21.035691699999997,105.86821119999999,-15.503,-5.598512977315623,-1.5290085613295346,590213.2718633581,2326343.1025153077,-1.211291380226612,0.503703000722453,0,1,4.0,4.0,0,1,,,approach_to_wp1,0,,,,,,0,0.0,0.0,0,0.0
1788857799.4383235,9.757450819015503,21.0356918,105.86821119999999,-15.495,-5.598512977315623,-1.517936812041206,590213.2718031507,2326343.1135835773,-1.2223546798340976,0.503365944721736,0,1,4.0,4.0,0,1,,,approach_to_wp1,0,,,,,,0,0.0,0.0,0,0.0
1788857799.5325987,9.851726055145264,21.0356919,105.86821119999999,-15.492,-5.598512977315623,-1.5068650627528772,590213.2717429433,2326343.124651848,-1.2334179813042283,0.503028888721019,0,1,4.0,4.0,0,1,,,approach_to_wp1,0,,,,,,0,0.0,0.0,0,0.0
1788857799.631754,9.950881242752075,21.035691999999997,105.86821119999999,-15.482,-5.598512977315623,-1.4957933138166917,590213.271682736,2326343.1357201175,-1.2444812813773751,0.5026918328367174,0,1,4.0,4.0,0,1,,,approach_to_wp1,0,,,,,,0,0.0,0.0,0,0.0
1788857799.7351384,10.05426573753357,21.0356921,105.8682113,-15.478,-5.588118410959021,-1.4847215645283631,590213.28201383,2326343.1468449137,-1.2558610239066184,0.5127414127346128,0,1,4.0,4.0,0,1,,,approach_to_wp1,0,,,,,,0,0.0,0.0,0,0.0
1788857799.830886,10.150013208389282,21.0356922,105.8682113,-15.473,-5.588118410959021,-1.4736498152400344,590213.2819536226,2326343.1579131833,-1.2669243239797652,0.5124043567338958,0,1,4.0,4.0,0,1,,,approach_to_wp1,0,,,,,,0,0.0,0.0,0,0.0
1788857799.9339998,10.253127098083496,21.035692299999997,105.8682113,-15.469,-5.588118410959021,-1.4625780663038488,590213.2818934153,2326343.1689814534,-1.2779876245185733,0.5120673008495942,0,1,4.0,4.0,0,1,,,approach_to_wp1,0,,,,,,0,0.0,0.0,0,0.0
1788857800.032517,10.351644277572632,21.035692299999997,105.8682113,-15.465,-5.588118410959021,-1.4625780663038488,590213.2818934153,2326343.1689814534,-1.2779876245185733,0.5120673008495942,0,1,4.0,4.0,0,1,,,approach_to_wp1,0,,,,,,0,0.0,0.0,0,0.0
1788857800.1336784,10.452805757522583,21.0356925,105.8682113,-15.458,-5.588118410959021,-1.4404345677271915,590213.2817730005,2326343.191117994,-1.3001142260618508,0.5113931888481602,0,1,4.0,4.0,0,1,,,approach_to_wp1,0,,,,,,0,0.0,0.0,0,0.0
1788857800.2311046,10.55023193359375,21.035692599999997,105.8682113,-15.452,-5.588118410959021,-1.429362818791006,590213.2817127932,2326343.202186264,-1.3111775270663202,0.5110561329638585,0,1,4.0,4.0,0,1,,,approach_to_wp1,0,,,,,,0,0.0,0.0,0,0.0
1788857800.3356411,10.654768466949463,21.0356927,105.86821139999999,-15.45,-5.577723846079576,-1.4182910695026774,590213.2920438858,2326343.2133110594,-1.3225572681985795,0.5211057114647701,0,1,4.0,4.0,0,1,,,approach_to_wp1,0,,,,,,0,0.0,0.0,0,0.0
1788857800.4391088,10.758236169815063,21.0356928,105.8682113,-15.442,-5.588118410959021,-1.4072193198622056,590213.2815923784,2326343.2243228047,-1.333304129075259,0.5103820209624246,0,1,4.0,4.0,0,1,,,approach_to_wp1,0,,,,,,0,0.0,0.0,0,0.0
1788857800.5347893,10.853916645050049,21.0356928,105.8682113,-15.441,-5.588118410959021,-1.4072193198622056,590213.2815923784,2326343.2243228047,-1.333304129075259,0.5103820209624246,0,1,4.0,4.0,0,1,,,approach_to_wp1,0,,,,,,0,0.0,0.0,0,0.0
1788857800.633446,10.952573299407959,21.0356929,105.8682113,-15.444,-5.588118410959021,-1.396147570573877,590213.2815321711,2326343.2353910753,-1.344367429614067,0.5100449650781229,0,1,4.0,4.0,0,1,,,approach_to_wp1,0,,,,,,0,0.0,0.0,0,0.0
1788857800.734912,11.054039239883423,21.035693,105.8682113,-15.443,-5.588118410959021,-1.3850758219898345,590213.2814719637,2326343.246459345,-1.355430729687214,0.5097079090774059,0,1,4.0,4.0,0,1,,,approach_to_wp1,0,,,,,,0,0.0,0.0,0,0.0
1788857800.8315828,11.150710105895996,21.035693,105.8682113,-15.441,-5.588118410959021,-1.3850758219898345,590213.2814719637,2326343.246459345,-1.355430729687214,0.5097079090774059,0,1,4.0,4.0,0,1,,,approach_to_wp1,0,,,,,,0,0.0,0.0,0,0.0
1788857800.9345992,11.253726482391357,21.0356931,105.8682113,-15.449,-5.588118410959021,-1.3740040723493627,590213.2814117563,2326343.257527616,-1.3664940316230059,0.509370853076689,0,1,4.0,4.0,0,1,,,approach_to_wp1,0,,,,,,0,0.0,0.0,0,0.0
1788857801.0307515,11.349878787994385,21.0356932,105.8682113,-15.449,-5.588118410959021,-1.3629323230610342,590213.281351549,2326343.268595886,-1.377557332161814,0.5090337971923873,0,1,4.0,4.0,0,1,,,approach_to_wp1,0,,,,,,0,0.0,0.0,0,0.0
1788857801.1327884,11.451915740966797,21.0356932,105.86821139999999,-15.449,-5.577723846079576,-1.3629323230610342,590213.2917428489,2326343.2686524102,-1.3778737718239427,0.5194204315776005,0,1,4.0,4.0,0,1,,,approach_to_wp1,0,,,,,,0,0.0,0.0,0,0.0
1788857801.232044,11.55117130279541,21.0356933,105.8682113,-15.455,-5.588118410959021,-1.3518605744769916,590213.2812913416,2326343.279664155,-1.3886206317692995,0.5086967411916703,0,1,4.0,4.0,0,1,,,approach_to_wp1,0,,,,,,0,0.0,0.0,0,0.0
1788857801.3339422,11.653069496154785,21.0356934,105.86821139999999,-15.456,-5.577723846079576,-1.3407888248365198,590213.2916224342,2326343.290788951,-1.4000003738328815,0.5187463196925819,0,1,4.0,4.0,0,1,,,approach_to_wp1,0,,,,,,0,0.0,0.0,0,0.0
1788857801.4369848,11.756112098693848,21.0356934,105.86821139999999,-15.455,-5.577723846079576,-1.3407888248365198,590213.2916224342,2326343.290788951,-1.4000003738328815,0.5187463196925819,0,1,4.0,4.0,0,1,,,approach_to_wp1,0,,,,,,0,0.0,0.0,0,0.0
1788857801.5337563,11.852883577346802,21.0356935,105.86821139999999,-15.461,-5.577723846079576,-1.329717075548191,590213.2915622268,2326343.3018572214,-1.4110636748373508,0.5184092636918649,0,1,4.0,4.0,0,1,,,approach_to_wp1,0,,,,,,0,0.0,0.0,0,0.0
1788857801.6318595,11.950986862182617,21.0356935,105.86821139999999,-15.463,-5.577723846079576,-1.329717075548191,590213.2915622268,2326343.3018572214,-1.4110636748373508,0.5184092636918649,0,1,4.0,4.0,0,1,,,approach_to_wp1,0,,,,,,0,0.0,0.0,0,0.0
1788857801.733519,12.052646398544312,21.0356936,105.8682113,-15.471,-5.588118410959021,-1.3186453266120055,590213.2811107195,2326343.3128689663,-1.4218105347827077,0.5076855733059347,0,1,4.0,4.0,0,1,,,approach_to_wp1,0,,,,,,0,0.0,0.0,0,0.0
1788857801.8315465,12.150673866271973,21.0356937,105.8682113,-15.47,-5.588118410959021,-1.307573577323677,590213.2810505121,2326343.3239372363,-1.4328738353215158,0.5073485173052177,0,1,4.0,4.0,0,1,,,approach_to_wp1,0,,,,,,0,0.0,0.0,0,0.0
1788857801.9322493,12.251376628875732,21.0356937,105.8682113,-15.467,-5.588118410959021,-1.307573577323677,590213.2810505121,2326343.3239372363,-1.4328738353215158,0.5073485173052177,0,1,4.0,4.0,0,1,,,approach_to_wp1,0,,,,,,0,0.0,0.0,0,0.0
1788857802.0290983,12.348225593566895,21.0356938,105.8682113,-15.47,-5.588118410959021,-1.2965018280353482,590213.2809903048,2326343.335005507,-1.4439371363259852,0.507011461420916,0,1,4.0,4.0,0,1,,,approach_to_wp1,0,,,,,,0,0.0,0.0,0,0.0
1788857802.13383,12.452957391738892,21.0356938,105.8682113,-15.472,-5.588118410959021,-1.2965018280353482,590213.2809903048,2326343.335005507,-1.4439371363259852,0.507011461420916,0,1,4.0,4.0,0,1,,,approach_to_wp1,0,,,,,,0,0.0,0.0,0,0.0
1788857802.2309186,12.55004596710205,21.0356939,105.8682113,-15.469,-5.588118410959021,-1.2854300790991626,590213.2809300974,2326343.3460737765,-1.455000436399132,0.506674405420199,0,1,4.0,4.0,0,1,,,approach_to_wp1,0,,,,,,0,0.0,0.0,0,0.0
1788857802.332454,12.651581287384033,21.0356939,105.86821119999999,-15.469,-5.598512977315623,-1.2854300790991626,590213.2705387962,2326343.3460172517,-1.4546839958056808,0.49628776975441724,0,1,4.0,4.0,0,1,,,approach_to_wp1,0,,,,,,0,0.0,0.0,0,0.0
1788857802.4366393,12.75576663017273,21.0356939,105.86821119999999,-15.471,-5.598512977315623,-1.2854300790991626,590213.2705387962,2326343.3460172517,-1.4546839958056808,0.49628776975441724,0,1,4.0,4.0,0,1,,,approach_to_wp1,0,,,,,,0,0.0,0.0,0,0.0
1788857802.5319343,12.851061582565308,21.035694,105.86821119999999,-15.472,-5.598512977315623,-1.274358329810834,590213.2704785888,2326343.357085522,-1.4657472968101501,0.49595071363728493,0,1,4.0,4.0,0,1,,,approach_to_wp1,0,,,,,,0,0.0,0.0,0,0.0
1788857802.6298773,12.949004650115967,21.035694,105.86821119999999,-15.469,-5.598512977315623,-1.274358329810834,590213.2704785888,2326343.357085522,-1.4657472968101501,0.49595071363728493,0,1,4.0,4.0,0,1,,,approach_to_wp1,0,,,,,,0,0.0,0.0,0,0.0
1788857802.7331924,13.052319765090942,21.0356941,105.86821119999999,-15.474,-5.598512977315623,-1.2632865805225053,590213.2704183814,2326343.368153793,-1.4768105982802808,0.49561365775298327,0,1,4.0,4.0,0,1,,,approach_to_wp1,0,,,,,,0,0.0,0.0,0,0.0
1788857802.8293161,13.148443460464478,21.0356941,105.86821119999999,-15.473,-5.598512977315623,-1.2632865805225053,590213.2704183814,2326343.368153793,-1.4768105982802808,0.49561365775298327,0,1,4.0,4.0,0,1,,,approach_to_wp1,0,,,,,,0,0.0,0.0,0,0.0
1788857802.9300396,13.24916696548462,21.0356941,105.8682111,-15.473,-5.608907542195068,-1.2632865805225053,590213.2600270829,2326343.3680972676,-1.4764941572211683,0.48522702464833856,0,1,4.0,4.0,0,1,,,approach_to_wp1,0,,,,,,0,0.0,0.0,0,0.0
1788857803.0308537,13.34998106956482,21.0356942,105.8682111,-15.472,-5.608907542195068,-1.2522148315863197,590213.2599668755,2326343.3791655377,-1.4875574577599764,0.4848899687640369,0,1,4.0,4.0,0,1,,,approach_to_wp1,0,,,,,,0,0.0,0.0,0,0.0
1788857803.1318953,13.451022624969482,21.0356942,105.8682111,-15.468,-5.608907542195068,-1.2522148315863197,590213.2599668755,2326343.3791655377,-1.4875574577599764,0.4848899687640369,0,1,4.0,4.0,0,1,,,approach_to_wp1,0,,,,,,0,0.0,0.0,0,0.0
1788857803.2309027,13.550029993057251,21.0356942,105.8682111,-15.468,-5.608907542195068,-1.2522148315863197,590213.2599668755,2326343.3791655377,-1.4875574577599764,0.4848899687640369,0,1,4.0,4.0,0,1,,,approach_to_wp1,0,,,,,,0,0.0,0.0,0,0.0
1788857803.3327703,13.651897668838501,21.0356943,105.8682111,-15.461,-5.608907542195068,-1.2411430822979912,590213.2599066682,2326343.3902338077,-1.4986207587644458,0.48455291287973523,0,1,4.0,4.0,0,1,,,approach_to_wp1,0,,,,,,0,0.0,0.0,0,0.0
1788857803.4358294,13.754956722259521,21.0356943,105.8682111,-15.459,-5.608907542195068,-1.2411430822979912,590213.2599066682,2326343.3902338077,-1.4986207587644458,0.48455291287973523,0,1,4.0,4.0,0,1,,,approach_to_wp1,0,,,,,,0,0.0,0.0,0,0.0
1788857803.5326743,13.851801633834839,21.0356944,105.86821119999999,-15.448,-5.598512977315623,-1.2300713330096624,590213.2702377593,2326343.4013586035,-1.5100005003623664,0.49460248986724764,0,1,4.0,4.0,0,1,,,approach_to_wp1,0,,,,,,0,0.0,0.0,0,0.0
1788857803.6316473,13.950774669647217,21.0356944,105.86821119999999,-15.438,-5.598512977315623,-1.2300713330096624,590213.2702377593,2326343.4013586035,-1.5100005003623664,0.49460248986724764,0,1,4.0,4.0,0,1,,,approach_to_wp1,0,,,,,,0,0.0,0.0,0,0.0
1788857803.7326815,14.051808834075928,21.035694499999998,105.86821119999999,-15.429,-5.598512977315623,-1.2189995840734769,590213.270177552,2326343.4124268736,-1.5210638013668358,0.494265433982946,0,1,4.0,4.0,0,1,,,approach_to_wp1,0,,,,,,0,0.0,0.0,0,0.0
1788857803.8292499,14.148377180099487,21.0356946,105.86821119999999,-15.419,-5.598512977315623,-1.2079278347851483,590213.2701173447,2326343.4234951437,-1.532127101905644,0.493928377982229,0,1,4.0,4.0,0,1,,,approach_to_wp1,0,,,,,,0,0.0,0.0,0,0.0
1788857803.9338956,14.253022909164429,21.0356947,105.8682113,-15.408,-5.588118410959021,-1.1968560854968195,590213.2804484385,2326343.4346199385,-1.543506842572242,0.5039779577637091,0,1,4.0,4.0,0,1,,,approach_to_wp1,0,,,,,,0,0.0,0.0,0,0.0
1788857804.0308316,14.349958896636963,21.0356947,105.8682113,-15.399,-5.588118410959021,-1.1968560854968195,590213.2804484385,2326343.4346199385,-1.543506842572242,0.5039779577637091,0,1,4.0,4.0,0,1,,,approach_to_wp1,0,,,,,,0,0.0,0.0,0,0.0
1788857804.1323066,14.451433897018433,21.0356947,105.8682113,-15.39,-5.588118410959021,-1.1968560854968195,590213.2804484385,2326343.4346199385,-1.543506842572242,0.5039779577637091,0,1,4.0,4.0,0,1,,,approach_to_wp1,0,,,,,,0,0.0,0.0,0,0.0
1788857804.2318385,14.550965785980225,21.035694799999998,105.8682113,-15.378,-5.588118410959021,-1.185784336560634,590213.2803882312,2326343.4456882086,-1.5545701435767114,0.5036409017629921,0,1,4.0,4.0,0,1,,,approach_to_wp1,0,,,,,,0,0.0,0.0,0,0.0
1788857804.331822,14.650949239730835,21.035694799999998,105.86821139999999,-15.365,-5.577723846079576,-1.185784336560634,590213.2907795309,2326343.445744734,-1.554886584635824,0.5140275360317901,0,1,4.0,4.0,0,1,,,approach_to_wp1,0,,,,,,0,0.0,0.0,0,0.0
1788857804.4358726,14.754999876022339,21.0356949,105.86821139999999,-15.354,-5.577723846079576,-1.1747125872723054,590213.2907193236,2326343.456813004,-1.5659498847089708,0.5136904801474884,0,1,4.0,4.0,0,1,,,approach_to_wp1,0,,,,,,0,0.0,0.0,0,0.0
1788857804.5323553,14.851482629776001,21.0356949,105.86821139999999,-15.35,-5.577723846079576,-1.1747125872723054,590213.2907193236,2326343.456813004,-1.5659498847089708,0.5136904801474884,0,1,4.0,4.0,0,1,,,approach_to_wp1,0,,,,,,0,0.0,0.0,0,0.0
1788857804.631513,14.950640439987183,21.035695,105.86821139999999,-15.343,-5.577723846079576,-1.1636408379839767,590213.2906591161,2326343.467881274,-1.5770131857134402,0.5133534240303561,0,1,4.0,4.0,0,1,,,approach_to_wp1,0,,,,,,0,0.0,0.0,0,0.0
1788857804.7328684,15.051995754241943,21.035695,105.8682115,-15.344,-5.5673292797229745,-1.1636408379839767,590213.3010504174,2326343.467937799,-1.5773296267725527,0.5237400598125532,0,1,4.0,4.0,0,1,,,approach_to_wp1,0,,,,,,0,0.0,0.0,0,0.0
1788857804.8305593,15.149686574935913,21.035695,105.8682115,-15.345,-5.5673292797229745,-1.1636408379839767,590213.3010504174,2326343.467937799,-1.5773296267725527,0.5237400598125532,0,1,4.0,4.0,0,1,,,approach_to_wp1,0,,,,,,0,0.0,0.0,0,0.0
1788857804.931948,15.251075267791748,21.035695,105.8682115,-15.347,-5.5673292797229745,-1.1636408379839767,590213.3010504174,2326343.467937799,-1.5773296267725527,0.5237400598125532,0,1,4.0,4.0,0,1,,,approach_to_wp1,0,,,,,,0,0.0,0.0,0,0.0
1788857805.0301318,15.3492591381073,21.035695,105.8682115,-15.349,-5.5673292797229745,-1.1636408379839767,590213.3010504174,2326343.467937799,-1.5773296267725527,0.5237400598125532,0,1,4.0,4.0,0,1,,,approach_to_wp1,0,,,,,,0,0.0,0.0,0,0.0
1788857805.1324294,15.45155668258667,21.035695,105.8682115,-15.35,-5.5673292797229745,-1.1636408379839767,590213.3010504174,2326343.467937799,-1.5773296267725527,0.5237400598125532,0,1,4.0,4.0,0,1,,,approach_to_wp1,0,,,,,,0,0.0,0.0,0,0.0
1788857805.229894,15.549021244049072,21.035695,105.8682116,-15.347,-5.556934714843529,-1.1636408379839767,590213.3114417158,2326343.467994324,-1.5776460669003427,0.5341266926843673,0,1,4.0,4.0,0,1,,,approach_to_wp1,0,,,,,,0,0.0,0.0,0,0.0
1788857805.3318832,15.651010513305664,21.035695,105.8682116,-15.342,-5.556934714843529,-1.1636408379839767,590213.3114417158,2326343.467994324,-1.5776460669003427,0.5341266926843673,0,1,4.0,4.0,0,1,,,approach_to_wp1,0,,,,,,0,0.0,0.0,0,0.0
1788857805.436776,15.755903244018555,21.035695099999998,105.86821169999999,-15.332,-5.546540149964085,-1.152569089047791,590213.3217728083,2326343.4791191192,-1.5890258084982634,0.5441762711852789,0,1,4.0,4.0,0,1,,,approach_to_wp1,0,,,,,,0,0.0,0.0,0,0.0
1788857805.531302,15.85042929649353,21.035695099999998,105.8682118,-15.324,-5.5361455836074835,-1.152569089047791,590213.3321641095,2326343.479175644,-1.5893422486260533,0.5545629067346454,0,1,4.0,4.0,0,1,,,approach_to_wp1,0,,,,,,0,0.0,0.0,0,0.0
1788857805.6287851,15.947912454605103,21.035695099999998,105.8682118,-15.317,-5.5361455836074835,-1.152569089047791,590213.3321641095,2326343.479175644,-1.5893422486260533,0.5545629067346454,0,1,4.0,4.0,0,1,,,approach_to_wp1,0,,,,,,0,0.0,0.0,0,0.0
1788857805.7336888,16.052816152572632,21.0356952,105.86821189999999,-15.31,-5.525751018728038,-1.1414973397594625,590213.3424952019,2326343.4903004393,-1.6007219906896353,0.5646124851191416,0,1,4.0,4.0,0,1,,,approach_to_wp1,0,,,,,,0,0.0,0.0,0,0.0
1788857805.8296182,16.1487455368042,21.0356952,105.868212,-15.302,-5.515356452371436,-1.1414973397594625,590213.3528865017,2326343.490356964,-1.6010384308174253,0.5749991193879396,0,1,4.0,4.0,0,1,,,approach_to_wp1,0,,,,,,0,0.0,0.0,0,0.0
1788857805.9319105,16.25103783607483,21.0356952,105.868212,-15.299,-5.515356452371436,-1.1414973397594625,590213.3528865017,2326343.490356964,-1.6010384308174253,0.5749991193879396,0,1,4.0,4.0,0,1,,,approach_to_wp1,0,,,,,,0,0.0,0.0,0,0.0
1788857806.0318139,16.35094118118286,21.0356952,105.868212,-15.294,-5.515356452371436,-1.1414973397594625,590213.3528865017,2326343.490356964,-1.6010384308174253,0.5749991193879396,0,1,4.0,4.0,0,1,,,approach_to_wp1,0,,,,,,0,0.0,0.0,0,0.0
1788857806.131891,16.45101833343506,21.0356952,105.868212,-15.292,-5.515356452371436,-1.1414973397594625,590213.3528865017,2326343.490356964,-1.6010384308174253,0.5749991193879396,0,1,4.0,4.0,0,1,,,approach_to_wp1,0,,,,,,0,0.0,0.0,0,0.0
1788857806.230668,16.549795389175415,21.0356952,105.868212,-15.292,-5.515356452371436,-1.1414973397594625,590213.3528865017,2326343.490356964,-1.6010384308174253,0.5749991193879396,0,1,4.0,4.0,0,1,,,approach_to_wp1,0,,,,,,0,0.0,0.0,0,0.0
1788857806.3328898,16.65201711654663,21.0356952,105.8682121,-15.291,-5.504961887491991,-1.1414973397594625,590213.3632778015,2326343.490413489,-1.6013548714108765,0.5853857537731528,0,1,4.0,4.0,0,1,,,approach_to_wp1,0,,,,,,0,0.0,0.0,0,0.0
1788857806.435706,16.754833221435547,21.0356952,105.868212,-15.293,-5.515356452371436,-1.1414973397594625,590213.3528865017,2326343.490356964,-1.6010384308174253,0.5749991193879396,0,1,4.0,4.0,0,1,,,approach_to_wp1,0,,,,,,0,0.0,0.0,0,0.0
1788857806.5309997,16.85012698173523,21.0356952,105.8682121,-15.301,-5.504961887491991,-1.1414973397594625,590213.3632778015,2326343.490413489,-1.6013548714108765,0.5853857537731528,0,1,4.0,4.0,0,1,,,approach_to_wp1,0,,,,,,0,0.0,0.0,0,0.0
1788857806.6316867,16.95081400871277,21.0356952,105.8682121,-15.304,-5.504961887491991,-1.1414973397594625,590213.3632778015,2326343.490413489,-1.6013548714108765,0.5853857537731528,0,1,4.0,4.0,0,1,,,approach_to_wp1,0,,,,,,0,0.0,0.0,0,0.0
1788857806.7342196,17.053346872329712,21.035695099999998,105.8682121,-15.312,-5.504961887491991,-1.152569089047791,590213.3633380089,2326343.4793452187,-1.5902915704064071,0.5857228096574545,0,1,4.0,4.0,0,1,,,approach_to_wp1,0,,,,,,0,0.0,0.0,0,0.0
1788857806.830808,17.149935245513916,21.035695099999998,105.8682121,-15.312,-5.504961887491991,-1.152569089047791,590213.3633380089,2326343.4793452187,-1.5902915704064071,0.5857228096574545,0,1,4.0,4.0,0,1,,,approach_to_wp1,0,,,,,,0,0.0,0.0,0,0.0
1788857806.9328437,17.251971006393433,21.035695099999998,105.8682121,-15.318,-5.504961887491991,-1.152569089047791,590213.3633380089,2326343.4793452187,-1.5902915704064071,0.5857228096574545,0,1,4.0,4.0,0,1,,,approach_to_wp1,0,,,,,,0,0.0,0.0,0,0.0
1788857807.0299315,17.349058866500854,21.035695,105.8682121,-15.322,-5.504961887491991,-1.1636408379839767,590213.3633982163,2326343.4682769487,-1.579228269867599,0.5860598656581715,0,1,4.0,4.0,0,1,,,approach_to_wp1,0,,,,,,0,0.0,0.0,0,0.0
1788857807.1328707,17.451997995376587,21.035695,105.8682121,-15.326,-5.504961887491991,-1.1636408379839767,590213.3633982163,2326343.4682769487,-1.579228269867599,0.5860598656581715,0,1,4.0,4.0,0,1,,,approach_to_wp1,0,,,,,,0,0.0,0.0,0,0.0
1788857807.231544,17.550671339035034,21.035695,105.8682121,-15.328,-5.504961887491991,-1.1636408379839767,590213.3633982163,2326343.4682769487,-1.579228269867599,0.5860598656581715,0,1,4.0,4.0,0,1,,,approach_to_wp1,0,,,,,,0,0.0,0.0,0,0.0
1788857807.332258,17.65138530731201,21.035695,105.8682122,-15.328,-5.494567321135389,-1.1636408379839767,590213.3737895174,2326343.4683334734,-1.5795447104610503,0.5964465013239533,0,1,4.0,4.0,0,1,,,approach_to_wp1,0,,,,,,0,0.0,0.0,0,0.0
1788857807.435834,17.754961252212524,21.0356949,105.8682122,-15.328,-5.494567321135389,-1.1747125872723054,590213.3738497249,2326343.4572652034,-1.5684814094565809,0.5967835573246703,0,1,4.0,4.0,0,1,,,approach_to_wp1,0,,,,,,0,0.0,0.0,0,0.0
1788857807.5343504,17.853477716445923,21.0356949,105.8682122,-15.331,-5.494567321135389,-1.1747125872723054,590213.3738497249,2326343.4572652034,-1.5684814094565809,0.5967835573246703,0,1,4.0,4.0,0,1,,,approach_to_wp1,0,,,,,,0,0.0,0.0,0,0.0
1788857807.6309605,17.950087785720825,21.0356949,105.8682123,-15.334,-5.484172756255944,-1.1747125872723054,590213.3842410247,2326343.4573217286,-1.5687978505156934,0.6071701917098835,0,1,4.0,4.0,0,1,,,approach_to_wp1,0,,,,,,0,0.0,0.0,0,0.0
1788857807.7338314,18.052958726882935,21.035694799999998,105.8682123,-15.333,-5.484172756255944,-1.185784336560634,590213.3843012322,2326343.446253458,-1.557734549511224,0.6075072477106005,0,1,4.0,4.0,0,1,,,approach_to_wp1,0,,,,,,0,0.0,0.0,0,0.0
1788857807.8315606,18.15068793296814,21.035694799999998,105.8682123,-15.329,-5.484172756255944,-1.185784336560634,590213.3843012322,2326343.446253458,-1.557734549511224,0.6075072477106005,0,1,4.0,4.0,0,1,,,approach_to_wp1,0,,,,,,0,0.0,0.0,0,0.0
1788857807.931858,18.250985383987427,21.035694799999998,105.86821239999999,-15.324,-5.4737781913765,-1.185784336560634,590213.3946925307,2326343.446309983,-1.5580509901046753,0.6178938808152452,0,1,4.0,4.0,0,1,,,approach_to_wp1,0,,,,,,0,0.0,0.0,0,0.0
1788857808.0321994,18.35132670402527,21.0356947,105.86821239999999,-15.321,-5.4737781913765,-1.1968560854968195,590213.3947527382,2326343.435241713,-1.5469876900315285,0.6182309368159622,0,1,4.0,4.0,0,1,,,approach_to_wp1,0,,,,,,0,0.0,0.0,0,0.0
1788857808.1344879,18.453615188598633,21.0356947,105.86821239999999,-15.312,-5.4737781913765,-1.1968560854968195,590213.3947527382,2326343.435241713,-1.5469876900315285,0.6182309368159622,0,1,4.0,4.0,0,1,,,approach_to_wp1,0,,,,,,0,0.0,0.0,0,0.0
1788857808.2311237,18.550251007080078,21.0356947,105.86821239999999,-15.306,-5.4737781913765,-1.1968560854968195,590213.3947527382,2326343.435241713,-1.5469876900315285,0.6182309368159622,0,1,4.0,4.0,0,1,,,approach_to_wp1,0,,,,,,0,0.0,0.0,0,0.0
1788857808.3340893,18.65321660041809,21.0356947,105.8682125,-15.299,-5.463383625019898,-1.1968560854968195,590213.4051440393,2326343.435298238,-1.5473041306249797,0.628617572481744,0,1,4.0,4.0,0,1,,,approach_to_wp1,0,,,,,,0,0.0,0.0,0,0.0
1788857808.4426324,18.761759757995605,21.0356947,105.8682125,-15.292,-5.463383625019898,-1.1968560854968195,590213.4051440393,2326343.435298238,-1.5473041306249797,0.628617572481744,0,1,4.0,4.0,0,1,,,approach_to_wp1,0,,,,,,0,0.0,0.0,0,0.0
1788857808.5383744,18.857501745224,21.0356946,105.8682125,-15.282,-5.463383625019898,-1.2079278347851483,590213.4052042468,2326343.424229968,-1.5362408296205103,0.628954628482461,0,1,4.0,4.0,0,1,,,approach_to_wp1,0,,,,,,0,0.0,0.0,0,0.0
1788857808.636453,18.955580234527588,21.0356946,105.8682125,-15.276,-5.463383625019898,-1.2079278347851483,590213.4052042468,2326343.424229968,-1.5362408296205103,0.628954628482461,0,1,4.0,4.0,0,1,,,approach_to_wp1,0,,,,,,0,0.0,0.0,0,0.0
1788857808.741245,19.060372352600098,21.0356946,105.8682125,-15.269,-5.463383625019898,-1.2079278347851483,590213.4052042468,2326343.424229968,-1.5362408296205103,0.628954628482461,0,1,4.0,4.0,0,1,,,approach_to_wp1,0,,,,,,0,0.0,0.0,0,0.0
1788857808.834523,19.153650283813477,21.035694499999998,105.86821259999999,-15.259,-5.452989060140453,-1.2189995840734769,590213.4156557542,2326343.413218223,-1.5254939701408148,0.6396783189848065,0,1,4.0,4.0,0,1,,,approach_to_wp1,0,,,,,,0,0.0,0.0,0,0.0
1788857808.935749,19.254876375198364,21.035694499999998,105.86821259999999,-15.257,-5.452989060140453,-1.2189995840734769,590213.4156557542,2326343.413218223,-1.5254939701408148,0.6396783189848065,0,1,4.0,4.0,0,1,,,approach_to_wp1,0,,,,,,0,0.0,0.0,0,0.0
1788857809.0355048,19.354632139205933,21.0356944,105.86821259999999,-15.249,-5.452989060140453,-1.2300713330096624,590213.4157159616,2326343.4021499525,-1.514430668670684,0.6400153749855235,0,1,4.0,4.0,0,1,,,approach_to_wp1,0,,,,,,0,0.0,0.0,0,0.0
1788857809.133893,19.453020334243774,21.0356944,105.86821259999999,-15.245,-5.452989060140453,-1.2300713330096624,590213.4157159616,2326343.4021499525,-1.514430668670684,0.6400153749855235,0,1,4.0,4.0,0,1,,,approach_to_wp1,0,,,,,,0,0.0,0.0,0,0.0
1788857809.2296863,19.548813581466675,21.0356944,105.8682127,-15.233,-5.442594493783852,-1.2300713330096624,590213.4261072627,2326343.4022064772,-1.5147471092641354,0.6504020106513053,0,1,4.0,4.0,0,1,,,approach_to_wp1,0,,,,,,0,0.0,0.0,0,0.0
1788857809.3337045,19.65283179283142,21.0356943,105.8682128,-15.223,-5.4321999289044065,-1.2411430822979912,590213.4365587687,2326343.391194732,-1.5040002493187785,0.661125699756667,0,1,4.0,4.0,0,1,,,approach_to_wp1,0,,,,,,0,0.0,0.0,0,0.0
1788857809.4365876,19.755714893341064,21.0356943,105.8682128,-15.216,-5.4321999289044065,-1.2411430822979912,590213.4365587687,2326343.391194732,-1.5040002493187785,0.661125699756667,0,1,4.0,4.0,0,1,,,approach_to_wp1,0,,,,,,0,0.0,0.0,0,0.0
1788857809.532505,19.851632356643677,21.0356943,105.86821289999999,-15.212,-5.421805364024961,-1.2411430822979912,590213.4469500687,2326343.391251257,-1.5043166899122298,0.6715123342582956,0,1,4.0,4.0,0,1,,,approach_to_wp1,0,,,,,,0,0.0,0.0,0,0.0
1788857809.630889,19.950016260147095,21.0356943,105.868213,-15.203,-5.41141079766836,-1.2411430822979912,590213.4573413698,2326343.391307782,-1.504633130505681,0.6818989698076621,0,1,4.0,4.0,0,1,,,approach_to_wp1,0,,,,,,0,0.0,0.0,0,0.0
1788857809.73313,20.052257299423218,21.0356943,105.86821309999999,-15.195,-5.401016232788915,-1.2411430822979912,590213.4677326698,2326343.391364307,-1.5049495710991323,0.6922856043092906,0,1,4.0,4.0,0,1,,,approach_to_wp1,0,,,,,,0,0.0,0.0,0,0.0
1788857809.831019,20.15014624595642,21.0356942,105.8682132,-15.192,-5.390621666432313,-1.2522148315863197,590213.4781841771,2326343.380352561,-1.4942027102224529,0.7030092946952209,0,1,4.0,4.0,0,1,,,approach_to_wp1,0,,,,,,0,0.0,0.0,0,0.0
1788857809.9337938,20.252921104431152,21.0356943,105.8682133,-15.181,-5.380227101552868,-1.2411430822979912,590213.4885152695,2326343.391477357,-1.505582452751696,0.7130588729633018,0,1,4.0,4.0,0,1,,,approach_to_wp1,0,,,,,,0,0.0,0.0,0,0.0
1788857810.0309482,20.350075483322144,21.0356943,105.8682134,-15.161,-5.369832535196266,-1.2411430822979912,590213.4989065707,2326343.3915338824,-1.5058988933451474,0.7234455086290836,0,1,4.0,4.0,0,1,,,approach_to_wp1,0,,,,,,0,0.0,0.0,0,0.0
1788857810.131026,20.450153350830078,21.0356943,105.8682134,-15.152,-5.369832535196266,-1.2411430822979912,590213.4989065707,2326343.3915338824,-1.5058988933451474,0.7234455086290836,0,1,4.0,4.0,0,1,,,approach_to_wp1,0,,,,,,0,0.0,0.0,0,0.0
1788857810.2315593,20.550686597824097,21.0356943,105.8682135,-15.142,-5.359437970316821,-1.2411430822979912,590213.5092978706,2326343.391590407,-1.5062153339385986,0.7338321430142969,0,1,4.0,4.0,0,1,,,approach_to_wp1,0,,,,,,0,0.0,0.0,0,0.0
1788857810.332402,20.65152931213379,21.0356943,105.86821359999999,-15.132,-5.349043405437377,-1.2411430822979912,590213.5196891691,2326343.3916469323,-1.5065317749977112,0.7442187761189416,0,1,4.0,4.0,0,1,,,approach_to_wp1,0,,,,,,0,0.0,0.0,0,0.0
1788857810.4376063,20.756733655929565,21.0356943,105.8682137,-15.122,-5.338648839080775,-1.2411430822979912,590213.5300804704,2326343.391703457,-1.5068482151255012,0.7546054117847234,0,1,4.0,4.0,0,1,,,approach_to_wp1,0,,,,,,0,0.0,0.0,0,0.0
1788857810.5350173,20.85414457321167,21.0356942,105.86821379999999,-15.127,-5.3282542742013295,-1.2522148315863197,590213.5405319778,2326343.380691712,-1.4961013551801443,0.765329102287069,0,1,4.0,4.0,0,1,,,approach_to_wp1,0,,,,,,0,0.0,0.0,0,0.0
1788857810.6318295,20.95095682144165,21.0356942,105.8682139,-15.117,-5.317859707844727,-1.2522148315863197,590213.550923279,2326343.380748237,-1.4964177962392569,0.7757157380692661,0,1,4.0,4.0,0,1,,,approach_to_wp1,0,,,,,,0,0.0,0.0,0,0.0
1788857810.7360175,21.055144786834717,21.0356942,105.868214,-15.111,-5.307465142965282,-1.2522148315863197,590213.5613145776,2326343.380804762,-1.4967342363670468,0.7861023710574955,0,1,4.0,4.0,0,1,,,approach_to_wp1,0,,,,,,0,0.0,0.0,0,0.0
1788857810.8321702,21.151297569274902,21.0356942,105.86821409999999,-15.105,-5.297070578085838,-1.2522148315863197,590213.5717058774,2326343.380861287,-1.4970506774261594,0.7964890054427087,0,1,4.0,4.0,0,1,,,approach_to_wp1,0,,,,,,0,0.0,0.0,0,0.0
1788857810.9324884,21.25161576271057,21.0356942,105.8682142,-15.095,-5.286676011729236,-1.2522148315863197,590213.5820971787,2326343.380917812,-1.497367118485272,0.8068756411084905,0,1,4.0,4.0,0,1,,,approach_to_wp1,0,,,,,,0,0.0,0.0,0,0.0
1788857811.0309594,21.35008668899536,21.0356942,105.86821429999999,-15.085,-5.276281446849791,-1.2522148315863197,590213.5924884785,2326343.3809743375,-1.4976835590787232,0.8172622754937038,0,1,4.0,4.0,0,1,,,approach_to_wp1,0,,,,,,0,0.0,0.0,0,0.0
1788857811.1336348,21.452762126922607,21.0356942,105.8682145,-15.075,-5.255492315613744,-1.2522148315863197,590213.6132710783,2326343.3810873874,-1.4983164402656257,0.8380355442641303,0,1,4.0,4.0,0,1,,,approach_to_wp1,0,,,,,,0,0.0,0.0,0,0.0
1788857811.2296758,21.548803091049194,21.0356941,105.8682145,-15.069,-5.255492315613744,-1.2632865805225053,590213.6133312859,2326343.370019118,-1.4872531406581402,0.8383726003812626,0,1,4.0,4.0,0,1,,,approach_to_wp1,0,,,,,,0,0.0,0.0,0,0.0
1788857811.3316681,21.650795459747314,21.0356941,105.8682146,-15.063,-5.245097749257142,-1.2632865805225053,590213.6237225871,2326343.370075643,-1.4875695812515914,0.8487592361634597,0,1,4.0,4.0,0,1,,,approach_to_wp1,0,,,,,,0,0.0,0.0,0,0.0
1788857811.435983,21.755110263824463,21.0356941,105.8682147,-15.056,-5.234703184377698,-1.2632865805225053,590213.6341138871,2326343.370132168,-1.4878860218450427,0.8591458706650883,0,1,4.0,4.0,0,1,,,approach_to_wp1,0,,,,,,0,0.0,0.0,0,0.0
1788857811.531581,21.85070824623108,21.0356941,105.86821479999999,-15.044,-5.224308619498252,-1.2632865805225053,590213.6445051857,2326343.370188693,-1.4882024629041553,0.8695325036533177,0,1,4.0,4.0,0,1,,,approach_to_wp1,0,,,,,,0,0.0,0.0,0,0.0
1788857811.629959,21.9490864276886,21.0356941,105.8682149,-15.041,-5.213914053141651,-1.2632865805225053,590213.6548964868,2326343.3702452187,-1.4885189039632678,0.8799191393190995,0,1,4.0,4.0,0,1,,,approach_to_wp1,0,,,,,,0,0.0,0.0,0,0.0
1788857811.7341886,22.05331587791443,21.0356941,105.86821499999999,-15.036,-5.203519488262206,-1.2632865805225053,590213.6652877867,2326343.370301743,-1.4888353440910578,0.8903057737043127,0,1,4.0,4.0,0,1,,,approach_to_wp1,0,,,,,,0,0.0,0.0,0,0.0
1788857811.830224,22.149351358413696,21.0356942,105.8682151,-15.031,-5.193124921905604,-1.2522148315863197,590213.6756188803,2326343.3814265383,-1.5002150852233171,0.9003553532529622,0,1,4.0,4.0,0,1,,,approach_to_wp1,0,,,,,,0,0.0,0.0,0,0.0
1788857811.9308305,22.2499577999115,21.0356942,105.8682152,-15.025,-5.182730357026159,-1.2522148315863197,590213.6860101789,2326343.3814830626,-1.5005315253511071,0.9107419862411916,0,1,4.0,4.0,0,1,,,approach_to_wp1,0,,,,,,0,0.0,0.0,0,0.0
1788857812.0319948,22.3511221408844,21.0356942,105.86821529999999,-15.014,-5.172335792146715,-1.2522148315863197,590213.6964014787,2326343.3815395883,-1.500847966875881,0.9211286206264049,0,1,4.0,4.0,0,1,,,approach_to_wp1,0,,,,,,0,0.0,0.0,0,0.0
1788857812.1322968,22.45142412185669,21.0356942,105.86821529999999,-15.008,-5.172335792146715,-1.2522148315863197,590213.6964014787,2326343.3815395883,-1.500847966875881,0.9211286206264049,0,1,4.0,4.0,0,1,,,approach_to_wp1,0,,,,,,0,0.0,0.0,0,0.0
1788857812.2300029,22.54913020133972,21.0356942,105.86821549999999,-15.004,-5.151546660910667,-1.2522148315863197,590213.7171840799,2326343.381652639,-1.5014808485284448,0.9419018907938153,0,1,4.0,4.0,0,1,,,approach_to_wp1,0,,,,,,0,0.0,0.0,0,0.0
1788857812.333674,22.652801275253296,21.0356942,105.8682156,-14.999,-5.141152094554066,-1.2522148315863197,590213.7275753798,2326343.3817091635,-1.5017972886562347,0.9522885251790285,0,1,4.0,4.0,0,1,,,approach_to_wp1,0,,,,,,0,0.0,0.0,0,0.0
1788857812.4356189,22.754746198654175,21.0356942,105.8682157,-14.996,-5.130757529674621,-1.2522148315863197,590213.7379666797,2326343.3817656892,-1.5021137301810086,0.9626751595642418,0,1,4.0,4.0,0,1,,,approach_to_wp1,0,,,,,,0,0.0,0.0,0,0.0
1788857812.5321887,22.85131597518921,21.0356942,105.8682158,-14.994,-5.120362963318019,-1.2522148315863197,590213.748357981,2326343.381822214,-1.5024301707744598,0.9730617953464389,0,1,4.0,4.0,0,1,,,approach_to_wp1,0,,,,,,0,0.0,0.0,0,0.0
1788857812.6317525,22.9508798122406,21.0356942,105.8682159,-14.991,-5.109968398438574,-1.2522148315863197,590213.7587492808,2326343.381878739,-1.502746611367911,0.9834484296152368,0,1,4.0,4.0,0,1,,,approach_to_wp1,0,,,,,,0,0.0,0.0,0,0.0
1788857812.7313943,23.05052161216736,21.0356942,105.86821599999999,-14.988,-5.09957383355913,-1.2522148315863197,590213.7691405794,2326343.3819352644,-1.5030630524270236,0.9938350627198815,0,1,4.0,4.0,0,1,,,approach_to_wp1,0,,,,,,0,0.0,0.0,0,0.0
1788857812.827568,23.146695375442505,21.0356942,105.8682161,-14.985,-5.089179267202528,-1.2522148315863197,590213.7795318806,2326343.38199179,-1.5033794939517975,1.0042216983856633,0,1,4.0,4.0,0,1,,,approach_to_wp1,0,,,,,,0,0.0,0.0,0,0.0
1788857812.9318917,23.25101900100708,21.0356943,105.8682163,-14.983,-5.068390135966482,-1.2411430822979912,590213.8002542739,2326343.3931731107,-1.5150756766088307,1.0246579120866954,0,1,4.0,4.0,0,1,,,approach_to_wp1,0,,,,,,0,0.0,0.0,0,0.0
1788857813.0291362,23.34826350212097,21.0356943,105.8682164,-14.978,-5.0579955710870355,-1.2411430822979912,590213.8106455726,2326343.393229636,-1.515392117202282,1.0350445451913401,0,1,4.0,4.0,0,1,,,approach_to_wp1,0,,,,,,0,0.0,0.0,0,0.0
1788857813.1314101,23.45053744316101,21.0356943,105.86821649999999,-14.975,-5.04760100620759,-1.2411430822979912,590213.8210368725,2326343.3932861616,-1.5157085587270558,1.0454311795765534,0,1,4.0,4.0,0,1,,,approach_to_wp1,0,,,,,,0,0.0,0.0,0,0.0
1788857813.229754,23.54888129234314,21.0356944,105.8682166,-14.973,-5.037206439850989,-1.2300713330096624,590213.8313679659,2326343.404410957,-1.5270882998593152,1.0554807588923723,0,1,4.0,4.0,0,1,,,approach_to_wp1,0,,,,,,0,0.0,0.0,0,0.0
1788857813.330635,23.649762392044067,21.0356944,105.86821669999999,-14.974,-5.0268118749715445,-1.2300713330096624,590213.8417592657,2326343.404467482,-1.5274047409184277,1.0658673932775855,0,1,4.0,4.0,0,1,,,approach_to_wp1,0,,,,,,0,0.0,0.0,0,0.0
1788857813.434754,23.753881216049194,21.0356944,105.8682168,-14.978,-5.016417308614943,-1.2300713330096624,590213.852150567,2326343.4045240073,-1.5277211819775403,1.0762540289433673,0,1,4.0,4.0,0,1,,,approach_to_wp1,0,,,,,,0,0.0,0.0,0,0.0
1788857813.5315938,23.85072112083435,21.0356944,105.868217,-14.98,-4.995628177378896,-1.2300713330096624,590213.8729331668,2326343.4046370583,-1.5283540640957654,1.0970272977137938,0,1,4.0,4.0,0,1,,,approach_to_wp1,0,,,,,,0,0.0,0.0,0,0.0
1788857813.629266,23.94839334487915,21.035694499999998,105.868217,-14.99,-4.995628177378896,-1.2189995840734769,590213.872872959,2326343.4157053283,-1.5394173651002347,1.0966902413638309,0,1,4.0,4.0,0,1,,,approach_to_wp1,0,,,,,,0,0.0,0.0,0,0.0
1788857813.7316914,24.05081868171692,21.035694499999998,105.8682171,-15.003,-4.985233612499451,-1.2189995840734769,590213.8832642589,2326343.415761853,-1.5397338052280247,1.1070768757490441,0,1,4.0,4.0,0,1,,,approach_to_wp1,0,,,,,,0,0.0,0.0,0,0.0
1788857813.8304698,24.14959716796875,21.035694499999998,105.86821719999999,-15.013,-4.974839047620006,-1.2189995840734769,590213.8936555574,2326343.4158183783,-1.5400502462871373,1.1174635087372735,0,1,4.0,4.0,0,1,,,approach_to_wp1,0,,,,,,0,0.0,0.0,0,0.0
1788857813.9315507,24.250678062438965,21.035694499999998,105.8682173,-15.028,-4.9644444812634045,-1.2189995840734769,590213.9040468587,2326343.415874904,-1.5403666873462498,1.1278501445194706,0,1,4.0,4.0,0,1,,,approach_to_wp1,0,,,,,,0,0.0,0.0,0,0.0
1788857814.0304914,24.349618673324585,21.035694499999998,105.86821739999999,-15.041,-4.954049916383959,-1.2189995840734769,590213.9144381585,2326343.4159314292,-1.5406831284053624,1.1382367787882686,0,1,4.0,4.0,0,1,,,approach_to_wp1,0,,,,,,0,0.0,0.0,0,0.0
1788857814.1339796,24.45310688018799,21.035694499999998,105.8682175,-15.054,-4.943655350027358,-1.2189995840734769,590213.9248294597,2326343.4159879545,-1.540999569464475,1.1486234145704657,0,1,4.0,4.0,0,1,,,approach_to_wp1,0,,,,,,0,0.0,0.0,0,0.0
1788857814.231693,24.550820350646973,21.035694499999998,105.8682176,-15.065,-4.933260785147913,-1.2189995840734769,590213.9352207583,2326343.4160444797,-1.5413160100579262,1.159010047558695,0,1,4.0,4.0,0,1,,,approach_to_wp1,0,,,,,,0,0.0,0.0,0,0.0
1788857814.3336508,24.652778148651123,21.0356946,105.86821769999999,-15.072,-4.922866220268467,-1.2079278347851483,590213.9455518504,2326343.427169275,-1.5526957516558468,1.16905962547753,0,1,4.0,4.0,0,1,,,approach_to_wp1,0,,,,,,0,0.0,0.0,0,0.0
1788857814.43886,24.75798726081848,21.0356946,105.8682178,-15.069,-4.912471653911866,-1.2079278347851483,590213.9559431515,2326343.4272258,-1.553012192249298,1.1794462611433119,0,1,4.0,4.0,0,1,,,approach_to_wp1,0,,,,,,0,0.0,0.0,0,0.0
1788857814.5325658,24.851693153381348,21.0356947,105.86821789999999,-15.074,-4.902077089032422,-1.1968560854968195,590213.9662742435,2326343.4383505965,-1.5643919352442026,1.1894958390621468,0,1,4.0,4.0,0,1,,,approach_to_wp1,0,,,,,,0,0.0,0.0,0,0.0
1788857814.629344,24.948471307754517,21.0356947,105.868218,-15.071,-4.89168252267582,-1.1968560854968195,590213.9766655448,2326343.4384071217,-1.5647083758376539,1.199882474844344,0,1,4.0,4.0,0,1,,,approach_to_wp1,0,,,,,,0,0.0,0.0,0,0.0
1788857814.7350774,25.05420470237732,21.035694799999998,105.86821809999999,-15.07,-4.881287957796374,-1.185784336560634,590213.9869966354,2326343.449531917,-1.5760881174355745,1.209932051366195,0,1,4.0,4.0,0,1,,,approach_to_wp1,0,,,,,,0,0.0,0.0,0,0.0
1788857814.8306649,25.149792194366455,21.035694799999998,105.8682182,-15.069,-4.870893391439772,-1.185784336560634,590213.9973879366,2326343.4495884427,-1.576404558494687,1.2203186869155616,0,1,4.0,4.0,0,1,,,approach_to_wp1,0,,,,,,0,0.0,0.0,0,0.0
1788857814.9330335,25.252160787582397,21.0356949,105.8682183,-15.069,-4.8604988265603275,-1.1747125872723054,590214.0077190286,2326343.460713238,-1.5877843000926077,1.2303682648343965,0,1,4.0,4.0,0,1,,,approach_to_wp1,0,,,,,,0,0.0,0.0,0,0.0
1788857815.031558,25.350685358047485,21.0356949,105.8682183,-15.068,-4.8604988265603275,-1.1747125872723054,590214.0077190286,2326343.460713238,-1.5877843000926077,1.2303682648343965,0,1,4.0,4.0,0,1,,,approach_to_wp1,0,,,,,,0,0.0,0.0,0,0.0
1788857815.1339867,25.45311403274536,21.035695,105.86821839999999,-15.066,-4.850104261680882,-1.1636408379839767,590214.0180501193,2326343.471838033,-1.599164041224867,1.240417841472663,0,1,4.0,4.0,0,1,,,approach_to_wp1,0,,,,,,0,0.0,0.0,0,0.0
1788857815.2304482,25.549575567245483,21.035695,105.8682185,-15.057,-4.839709695324281,-1.1636408379839767,590214.0284414205,2326343.4718945585,-1.599480482749641,1.2508044771384448,0,1,4.0,4.0,0,1,,,approach_to_wp1,0,,,,,,0,0.0,0.0,0,0.0
1788857815.332773,25.65190029144287,21.035695099999998,105.86821859999999,-15.055,-4.8293151304448365,-1.152569089047791,590214.0387725125,2326343.483019354,-1.6108602238819003,1.2608540549408644,0,1,4.0,4.0,0,1,,,approach_to_wp1,0,,,,,,0,0.0,0.0,0,0.0
1788857815.4348505,25.75397777557373,21.035695099999998,105.8682187,-15.053,-4.818920564088234,-1.152569089047791,590214.0491638136,2326343.4830758795,-1.6111766654066741,1.2712406906066462,0,1,4.0,4.0,0,1,,,approach_to_wp1,0,,,,,,0,0.0,0.0,0,0.0
1788857815.5309312,25.850058555603027,21.0356952,105.8682188,-15.05,-4.808525999208789,-1.1414973397594625,590214.0594949042,2326343.4942006757,-1.6225564079359174,1.2812902671284974,0,1,4.0,4.0,0,1,,,approach_to_wp1,0,,,,,,0,0.0,0.0,0,0.0
1788857815.6336794,25.9528067111969,21.0356952,105.8682189,-15.037,-4.798131432852188,-1.1414973397594625,590214.0698862054,2326343.494257201,-1.62287284899503,1.2916769026778638,0,1,4.0,4.0,0,1,,,approach_to_wp1,0,,,,,,0,0.0,0.0,0,0.0
1788857815.7328393,26.051966667175293,21.0356953,105.868219,-15.029,-4.787736867972742,-1.1304255904711338,590214.0802172973,2326343.5053819963,-1.6342525901272893,1.3017264805966988,0,1,4.0,4.0,0,1,,,approach_to_wp1,0,,,,,,0,0.0,0.0,0,0.0
1788857815.8325467,26.151674032211304,21.035695399999998,105.86821909999999,-15.018,-4.777342303093297,-1.1193538415349482,590214.0905483892,2326343.5165067916,-1.64563233172521,1.3117760583991185,0,1,4.0,4.0,0,1,,,approach_to_wp1,0,,,,,,0,0.0,0.0,0,0.0
1788857815.9345536,26.25368094444275,21.035695399999998,105.8682192,-15.013,-4.766947736736696,-1.1193538415349482,590214.1009396904,2326343.5165633173,-1.6459487732499838,1.322162693948485,0,1,4.0,4.0,0,1,,,approach_to_wp1,0,,,,,,0,0.0,0.0,0,0.0
1788857816.0310116,26.350138902664185,21.0356955,105.8682192,-15.005,-4.766947736736696,-1.1082820922466197,590214.1008794825,2326343.527631588,-1.6570120742544532,1.3218256374821067,0,1,4.0,4.0,0,1,,,approach_to_wp1,0,,,,,,0,0.0,0.0,0,0.0
1788857816.133069,26.4521963596344,21.0356955,105.86821929999999,-14.994,-4.7565531718572505,-1.1082820922466197,590214.1112707809,2326343.527688113,-1.6573285148479044,1.332212270470336,0,1,4.0,4.0,0,1,,,approach_to_wp1,0,,,,,,0,0.0,0.0,0,0.0
1788857816.2326033,26.551730632781982,21.0356956,105.86821929999999,-14.985,-4.7565531718572505,-1.097210342958291,590214.111210573,2326343.5387563836,-1.6683918163180351,1.3318752138875425,0,1,4.0,4.0,0,1,,,approach_to_wp1,0,,,,,,0,0.0,0.0,0,0.0
1788857816.332934,26.652061223983765,21.035695699999998,105.8682194,-14.975,-4.746158605500649,-1.0861385940221053,590214.1215416662,2326343.549881179,-1.6797715574502945,1.3419247929705307,0,1,4.0,4.0,0,1,,,approach_to_wp1,0,,,,,,0,0.0,0.0,0,0.0
1788857816.4355476,26.754674911499023,21.035695699999998,105.8682194,-14.96,-4.746158605500649,-1.0861385940221053,590214.1215416662,2326343.549881179,-1.6797715574502945,1.3419247929705307,0,1,4.0,4.0,0,1,,,approach_to_wp1,0,,,,,,0,0.0,0.0,0,0.0
1788857816.5344784,26.8536057472229,21.0356958,105.8682195,-14.95,-4.735764040621204,-1.0750668447337768,590214.131872758,2326343.5610059747,-1.6911512995138764,1.3519743707729504,0,1,4.0,4.0,0,1,,,approach_to_wp1,0,,,,,,0,0.0,0.0,0,0.0
1788857816.6308897,26.950016975402832,21.0356959,105.8682195,-14.929,-4.735764040621204,-1.063995095445448,590214.1318125501,2326343.5720742447,-1.7022146005183458,1.3516373141901568,0,1,4.0,4.0,0,1,,,approach_to_wp1,0,,,,,,0,0.0,0.0,0,0.0
1788857816.7345407,27.05366802215576,21.035695999999998,105.86821959999999,-14.92,-4.7253694757417595,-1.0529233465092624,590214.1421436407,2326343.5831990405,-1.7135943421162665,1.3616868905955926,0,1,4.0,4.0,0,1,,,approach_to_wp1,0,,,,,,0,0.0,0.0,0,0.0
1788857816.8313303,27.150457620620728,21.0356961,105.86821959999999,-14.904,-4.7253694757417595,-1.041851597220934,590214.1420834326,2326343.5942673106,-1.7246576431207359,1.361349834012799,0,1,4.0,4.0,0,1,,,approach_to_wp1,0,,,,,,0,0.0,0.0,0,0.0
1788857816.9320369,27.251164197921753,21.0356962,105.8682197,-14.891,-4.714974909385158,-1.0307798479326051,590214.1524145257,2326343.6053921063,-1.7360373847186565,1.3713994129793718,0,1,4.0,4.0,0,1,,,approach_to_wp1,0,,,,,,0,0.0,0.0,0,0.0
1788857817.031406,27.35053324699402,21.0356962,105.8682197,-14.884,-4.714974909385158,-1.0307798479326051,590214.1524145257,2326343.6053921063,-1.7360373847186565,1.3713994129793718,0,1,4.0,4.0,0,1,,,approach_to_wp1,0,,,,,,0,0.0,0.0,0,0.0
1788857817.132678,27.451805353164673,21.035696299999998,105.86821979999999,-14.874,-4.704580344505713,-1.0197080989964196,590214.1627456176,2326343.616516902,-1.7474171267822385,1.3814489906653762,0,1,4.0,4.0,0,1,,,approach_to_wp1,0,,,,,,0,0.0,0.0,0,0.0
1788857817.2321167,27.551244020462036,21.035696299999998,105.86821979999999,-14.865,-4.704580344505713,-1.0197080989964196,590214.1627456176,2326343.616516902,-1.7474171267822385,1.3814489906653762,0,1,4.0,4.0,0,1,,,approach_to_wp1,0,,,,,,0,0.0,0.0,0,0.0
1788857817.33119,27.650317430496216,21.0356964,105.8682199,-14.859,-4.6941857781491105,-1.008636349708091,590214.1730767107,2326343.6276416974,-1.7587968683801591,1.3914985697483644,0,1,4.0,4.0,0,1,,,approach_to_wp1,0,,,,,,0,0.0,0.0,0,0.0
1788857817.4389884,27.758115768432617,21.0356965,105.8682199,-14.851,-4.6941857781491105,-0.9975646004197624,590214.1730165028,2326343.638709968,-1.7698601689189672,1.3911615131655708,0,1,4.0,4.0,0,1,,,approach_to_wp1,0,,,,,,0,0.0,0.0,0,0.0
1788857817.5325193,27.851646661758423,21.0356965,105.8682199,-14.841,-4.6941857781491105,-0.9975646004197624,590214.1730165028,2326343.638709968,-1.7698601689189672,1.3911615131655708,0,1,4.0,4.0,0,1,,,approach_to_wp1,0,,,,,,0,0.0,0.0,0,0.0
1788857817.6315281,27.950655460357666,21.035696299999998,105.86822,-14.842,-4.683791213269665,-1.0197080989964196,590214.1835282171,2326343.6166299535,-1.7480500098317862,1.402222259202972,0,1,4.0,4.0,0,1,,,approach_to_wp1,0,,,,,,0,0.0,0.0,0,0.0
1788857817.7360387,28.055166006088257,21.0356962,105.86822,-14.834,-4.683791213269665,-1.0307798479326051,590214.183588425,2326343.605561683,-1.7369867083616555,1.4025593157857656,0,1,4.0,4.0,0,1,,,approach_to_wp1,0,,,,,,0,0.0,0.0,0,0.0
1788857817.831381,28.150508403778076,21.0356962,105.86822,-14.83,-4.683791213269665,-1.0307798479326051,590214.183588425,2326343.605561683,-1.7369867083616555,1.4025593157857656,0,1,4.0,4.0,0,1,,,approach_to_wp1,0,,,,,,0,0.0,0.0,0,0.0
1788857817.934775,28.253902435302734,21.035696299999998,105.86822,-14.821,-4.683791213269665,-1.0197080989964196,590214.1835282171,2326343.6166299535,-1.7480500098317862,1.402222259202972,0,1,4.0,4.0,0,1,,,approach_to_wp1,0,,,,,,0,0.0,0.0,0,0.0
1788857818.0325773,28.351704597473145,21.035696299999998,105.8682201,-14.812,-4.673396646913064,-1.0197080989964196,590214.1939195181,2326343.6166864783,-1.7483664499595761,1.4126088947523385,0,1,4.0,4.0,0,1,,,approach_to_wp1,0,,,,,,0,0.0,0.0,0,0.0
1788857818.1324275,28.451554775238037,21.035696299999998,105.8682202,-14.802,-4.663002082033619,-1.0197080989964196,590214.204310818,2326343.616743004,-1.74868289148435,1.4229955290211365,0,1,4.0,4.0,0,1,,,approach_to_wp1,0,,,,,,0,0.0,0.0,0,0.0
1788857818.229435,28.5485622882843,21.035696299999998,105.8682202,-14.793,-4.663002082033619,-1.0197080989964196,590214.204310818,2326343.616743004,-1.74868289148435,1.4229955290211365,0,1,4.0,4.0,0,1,,,approach_to_wp1,0,,,,,,0,0.0,0.0,0,0.0
1788857818.335177,28.654304265975952,21.0356962,105.8682202,-14.786,-4.663002082033619,-1.0307798479326051,590214.2043710259,2326343.605674734,-1.7376195904798806,1.42333258560393,0,1,4.0,4.0,0,1,,,approach_to_wp1,0,,,,,,0,0.0,0.0,0,0.0
1788857818.4380603,28.757187604904175,21.035696299999998,105.8682202,-14.773,-4.663002082033619,-1.0197080989964196,590214.204310818,2326343.616743004,-1.74868289148435,1.4229955290211365,0,1,4.0,4.0,0,1,,,approach_to_wp1,0,,,,,,0,0.0,0.0,0,0.0
1788857818.5344312,28.85355854034424,21.035696299999998,105.86822029999999,-14.762,-4.652607517154174,-1.0197080989964196,590214.2147021177,2326343.6167995296,-1.7489993325434625,1.4333821632899344,0,1,4.0,4.0,0,1,,,approach_to_wp1,0,,,,,,0,0.0,0.0,0,0.0
1788857818.6329904,28.952117681503296,21.035696299999998,105.86822029999999,-14.753,-4.652607517154174,-1.0197080989964196,590214.2147021177,2326343.6167995296,-1.7489993325434625,1.4333821632899344,0,1,4.0,4.0,0,1,,,approach_to_wp1,0,,,,,,0,0.0,0.0,0,0.0
1788857818.7345443,29.05367159843445,21.035696299999998,105.86822029999999,-14.743,-4.652607517154174,-1.0197080989964196,590214.2147021177,2326343.6167995296,-1.7489993325434625,1.4333821632899344,0,1,4.0,4.0,0,1,,,approach_to_wp1,0,,,,,,0,0.0,0.0,0,0.0
1788857818.8318372,29.150964498519897,21.035696299999998,105.8682204,-14.735,-4.642212950797573,-1.0197080989964196,590214.2250934187,2326343.616856055,-1.749315773602575,1.4437687987228855,0,1,4.0,4.0,0,1,,,approach_to_wp1,0,,,,,,0,0.0,0.0,0,0.0
1788857818.935415,29.254542350769043,21.035696299999998,105.8682204,-14.724,-4.642212950797573,-1.0197080989964196,590214.2250934187,2326343.616856055,-1.749315773602575,1.4437687987228855,0,1,4.0,4.0,0,1,,,approach_to_wp1,0,,,,,,0,0.0,0.0,0,0.0
1788857819.0320497,29.351176977157593,21.035696299999998,105.86822049999999,-14.714,-4.631818385918128,-1.0197080989964196,590214.2354847172,2326343.6169125806,-1.749632215127349,1.454155431711115,0,1,4.0,4.0,0,1,,,approach_to_wp1,0,,,,,,0,0.0,0.0,0,0.0
1788857819.1339476,29.45307493209839,21.035696299999998,105.86822049999999,-14.702,-4.631818385918128,-1.0197080989964196,590214.2354847172,2326343.6169125806,-1.749632215127349,1.454155431711115,0,1,4.0,4.0,0,1,,,approach_to_wp1,0,,,,,,0,0.0,0.0,0,0.0
1788857819.233715,29.552842378616333,21.035696299999998,105.86822049999999,-14.69,-4.631818385918128,-1.0197080989964196,590214.2354847172,2326343.6169125806,-1.749632215127349,1.454155431711115,0,1,4.0,4.0,0,1,,,approach_to_wp1,0,,,,,,0,0.0,0.0,0,0.0
1788857819.3337688,29.65289616584778,21.035696299999998,105.8682206,-14.682,-4.621423819561526,-1.0197080989964196,590214.2458760183,2326343.616969106,-1.7499486557208002,1.4645420672604814,0,1,4.0,4.0,0,1,,,approach_to_wp1,0,,,,,,0,0.0,0.0,0,0.0
1788857819.4380474,29.757174730300903,21.035696299999998,105.8682206,-14.671,-4.621423819561526,-1.0197080989964196,590214.2458760183,2326343.616969106,-1.7499486557208002,1.4645420672604814,0,1,4.0,4.0,0,1,,,approach_to_wp1,0,,,,,,0,0.0,0.0,0,0.0
1788857819.539868,29.85899543762207,21.0356964,105.8682207,-14.661,-4.611029254682081,-1.008636349708091,590214.25620711,2326343.6280939016,-1.761328397784382,1.4745916448300704,0,1,4.0,4.0,0,1,,,approach_to_wp1,0,,,,,,0,0.0,0.0,0,0.0
1788857819.6347477,29.953875064849854,21.0356964,105.8682207,-14.652,-4.611029254682081,-1.008636349708091,590214.25620711,2326343.6280939016,-1.761328397784382,1.4745916448300704,0,1,4.0,4.0,0,1,,,approach_to_wp1,0,,,,,,0,0.0,0.0,0,0.0
1788857819.7394292,30.05855655670166,21.0356964,105.8682207,-14.642,-4.611029254682081,-1.008636349708091,590214.25620711,2326343.6280939016,-1.761328397784382,1.4745916448300704,0,1,4.0,4.0,0,1,,,approach_to_wp1,0,,,,,,0,0.0,0.0,0,0.0
1788857819.8359287,30.15505599975586,21.0356964,105.86822079999999,-14.627,-4.600634689802635,-1.008636349708091,590214.2665984085,2326343.6281504272,-1.7616448388434947,1.4849782778182998,0,1,4.0,4.0,0,1,,,approach_to_wp1,0,,,,,,0,0.0,0.0,0,0.0
1788857819.9360745,30.255201816558838,21.0356964,105.86822079999999,-14.619,-4.600634689802635,-1.008636349708091,590214.2665984085,2326343.6281504272,-1.7616448388434947,1.4849782778182998,0,1,4.0,4.0,0,1,,,approach_to_wp1,0,,,,,,0,0.0,0.0,0,0.0
1788857820.0342832,30.353410482406616,21.0356964,105.86822079999999,-14.608,-4.600634689802635,-1.008636349708091,590214.2665984085,2326343.6281504272,-1.7616448388434947,1.4849782778182998,0,1,4.0,4.0,0,1,,,approach_to_wp1,0,,,,,,0,0.0,0.0,0,0.0
1788857820.1388524,30.457979679107666,21.0356964,105.86822079999999,-14.595,-4.600634689802635,-1.008636349708091,590214.2665984085,2326343.6281504272,-1.7616448388434947,1.4849782778182998,0,1,4.0,4.0,0,1,,,approach_to_wp1,0,,,,,,0,0.0,0.0,0,0.0
1788857820.2318523,30.550979614257812,21.0356964,105.8682209,-14.585,-4.5902401234460335,-1.008636349708091,590214.2769897096,2326343.6282069525,-1.7619612799026072,1.4953649133676663,0,1,4.0,4.0,0,1,,,approach_to_wp1,0,,,,,,0,0.0,0.0,0,0.0
1788857820.3343573,30.653484582901,21.0356964,105.8682209,-14.573,-4.5902401234460335,-1.008636349708091,590214.2769897096,2326343.6282069525,-1.7619612799026072,1.4953649133676663,0,1,4.0,4.0,0,1,,,approach_to_wp1,0,,,,,,0,0.0,0.0,0,0.0
1788857820.4391909,30.758318185806274,21.0356964,105.86822099999999,-14.562,-4.579845558566589,-1.008636349708091,590214.2873810093,2326343.6282634777,-1.7622777209617198,1.5057515476364642,0,1,4.0,4.0,0,1,,,approach_to_wp1,0,,,,,,0,0.0,0.0,0,0.0
1788857820.5353367,30.854464054107666,21.0356964,105.86822099999999,-14.551,-4.579845558566589,-1.008636349708091,590214.2873810093,2326343.6282634777,-1.7622777209617198,1.5057515476364642,0,1,4.0,4.0,0,1,,,approach_to_wp1,0,,,,,,0,0.0,0.0,0,0.0
1788857820.6323094,30.951436758041382,21.0356964,105.86822099999999,-14.539,-4.579845558566589,-1.008636349708091,590214.2873810093,2326343.6282634777,-1.7622777209617198,1.5057515476364642,0,1,4.0,4.0,0,1,,,approach_to_wp1,0,,,,,,0,0.0,0.0,0,0.0
1788857820.735853,31.054980278015137,21.0356964,105.86822099999999,-14.528,-4.579845558566589,-1.008636349708091,590214.2873810093,2326343.6282634777,-1.7622777209617198,1.5057515476364642,0,1,4.0,4.0,0,1,,,approach_to_wp1,0,,,,,,0,0.0,0.0,0,0.0
1788857820.8317065,31.15083384513855,21.0356964,105.8682211,-14.519,-4.569450992209988,-1.008636349708091,590214.2977723103,2326343.6283200034,-1.7625941620208323,1.5161381830694154,0,1,4.0,4.0,0,1,,,approach_to_wp1,0,,,,,,0,0.0,0.0,0,0.0
