timestamp,x,y,theta
0.000000,0.000000,0.000000,-0.000010
0.520000,0.000000,0.000000,-0.000010
0.622000,0.000003,-0.000000,-0.000030
0.722000,0.000005,-0.000000,-0.000091
0.822000,0.000006,-0.000000,-0.000035
0.942000,0.000008,-0.000000,0.000131
1.042000,0.000009,-0.000000,0.000157
1.142000,0.000011,-0.000000,-0.000038
1.242000,0.000012,-0.000000,-0.000022
1.342000,0.000014,-0.000000,-0.000111
1.442000,0.000015,-0.000000,0.000219
1.562000,0.000017,-0.000000,0.000021
1.662000,0.000019,-0.000000,-0.000045
1.762000,0.000020,-0.000000,-0.000067
1.882000,0.000022,-0.000000,-0.000040
1.982000,0.000024,-0.000000,-0.000089
2.082000,0.000025,-0.000000,0.000172
2.202000,0.000027,-0.000000,0.000127
2.302000,0.000028,-0.000000,0.000132
2.402000,0.000030,-0.000000,-0.000035
2.502000,0.000031,-0.000000,0.000162
2.602000,0.000033,-0.000000,0.000027
2.722000,0.000035,-0.000000,-0.000019
2.842000,0.000037,-0.000000,0.000100
2.962000,0.000038,-0.000000,0.000076
3.082000,0.000040,-0.000000,0.000150
3.202000,0.000042,-0.000000,0.000108
3.302000,0.000043,-0.000000,0.000241
3.402000,0.000045,-0.000000,-0.000086
3.502000,0.000047,-0.000000,0.000041
3.602000,0.000048,-0.000000,-0.000002
3.702000,0.000050,-0.000000,-0.000006
3.802000,0.000051,-0.000000,0.000095
3.922000,0.000053,-0.000000,-0.000016
4.022000,0.000054,-0.000000,-0.000088
4.122000,0.000056,-0.000000,-0.000027
4.222000,0.000057,-0.000000,-0.000055
4.322000,0.000059,-0.000000,-0.000021
4.422000,0.000060,-0.000000,0.000108
4.522000,0.000062,-0.000000,0.000091
4.622000,0.000063,-0.000000,-0.000001
4.722000,0.000065,-0.000000,0.000021
4.822000,0.000066,-0.000000,-0.000096
4.922000,0.000068,-0.000000,0.000021
5.022000,0.000069,-0.000000,0.000003
5.122000,0.000071,-0.000000,0.000006
5.222000,0.000072,-0.000000,0.000040
5.342000,0.000074,-0.000000,0.000139
5.442000,0.000076,-0.000000,0.000209
5.562000,0.000077,-0.000000,-0.000002
5.662000,0.000079,-0.000000,0.000090
5.762000,0.000080,-0.000000,0.000113
5.862000,0.000082,-0.000000,-0.000139
5.982000,0.000084,-0.000000,-0.000038
6.082000,0.000085,-0.000000,-0.000011
6.202000,0.000087,-0.000000,0.000098
6.302000,0.000089,-0.000000,-0.000043
6.402000,0.000090,-0.000000,-0.000045
6.522000,0.000092,-0.000000,0.000116
6.622000,0.000093,-0.000000,0.000098
6.722000,0.000095,-0.000000,-0.000037
6.822000,0.000096,-0.000000,-0.000010
6.922000,0.000098,-0.000000,-0.000052
7.022000,0.000099,-0.000000,0.000235
7.122000,0.000101,-0.000000,-0.000092
7.222000,0.000102,-0.000000,-0.000037
7.342000,0.000104,-0.000000,0.000088
7.442000,0.000106,-0.000000,0.000065
7.542000,0.000107,-0.000000,0.000074
